Fitter report for Hello_Nios
Fri Dec 26 03:03:44 2025
Quartus II 64-Bit Version 13.0.1 Build 232 06/12/2013 Service Pack 1 SJ Web Edition


---------------------
; Table of Contents ;
---------------------
  1. Legal Notice
  2. Fitter Summary
  3. Fitter Settings
  4. Parallel Compilation
  5. Incremental Compilation Preservation Summary
  6. Incremental Compilation Partition Settings
  7. Incremental Compilation Placement Preservation
  8. Pin-Out File
  9. Fitter Resource Usage Summary
 10. Fitter Partition Statistics
 11. Input Pins
 12. I/O Bank Usage
 13. All Package Pins
 14. Output Pin Default Load For Reported TCO
 15. Fitter Resource Utilization by Entity
 16. Delay Chain Summary
 17. Pad To Core Delay Chain Fanout
 18. Control Signals
 19. Global & Other Fast Signals
 20. Non-Global High Fan-Out Signals
 21. Fitter RAM Summary
 22. Other Routing Usage Summary
 23. LAB Logic Elements
 24. LAB-wide Signals
 25. LAB Signals Sourced
 26. LAB Signals Sourced Out
 27. LAB Distinct Inputs
 28. Fitter Device Options
 29. Operating Settings and Conditions
 30. Fitter Messages
 31. Fitter Suppressed Messages



----------------
; Legal Notice ;
----------------
Copyright (C) 1991-2013 Altera Corporation
Your use of Altera Corporation's design tools, logic functions 
and other software and tools, and its AMPP partner logic 
functions, and any output files from any of the foregoing 
(including device programming or simulation files), and any 
associated documentation or information are expressly subject 
to the terms and conditions of the Altera Program License 
Subscription Agreement, Altera MegaCore Function License 
Agreement, or other applicable license agreement, including, 
without limitation, that your use is for the sole purpose of 
programming logic devices manufactured by Altera and sold by 
Altera or its authorized distributors.  Please refer to the 
applicable agreement for further details.



+--------------------------------------------------------------------------------------+
; Fitter Summary                                                                       ;
+------------------------------------+-------------------------------------------------+
; Fitter Status                      ; Successful - Fri Dec 26 03:03:44 2025           ;
; Quartus II 64-Bit Version          ; 13.0.1 Build 232 06/12/2013 SP 1 SJ Web Edition ;
; Revision Name                      ; Hello_Nios                                      ;
; Top-level Entity Name              ; Hello_Nios                                      ;
; Family                             ; Cyclone II                                      ;
; Device                             ; EP2C8Q208C8                                     ;
; Timing Models                      ; Final                                           ;
; Total logic elements               ; 1,708 / 8,256 ( 21 % )                          ;
;     Total combinational functions  ; 1,613 / 8,256 ( 20 % )                          ;
;     Dedicated logic registers      ; 881 / 8,256 ( 11 % )                            ;
; Total registers                    ; 881                                             ;
; Total pins                         ; 1 / 138 ( < 1 % )                               ;
; Total virtual pins                 ; 0                                               ;
; Total memory bits                  ; 107,264 / 165,888 ( 65 % )                      ;
; Embedded Multiplier 9-bit elements ; 0 / 36 ( 0 % )                                  ;
; Total PLLs                         ; 0 / 2 ( 0 % )                                   ;
+------------------------------------+-------------------------------------------------+


+----------------------------------------------------------------------------------------------------------------------------------------------+
; Fitter Settings                                                                                                                              ;
+----------------------------------------------------------------------------+--------------------------------+--------------------------------+
; Option                                                                     ; Setting                        ; Default Value                  ;
+----------------------------------------------------------------------------+--------------------------------+--------------------------------+
; Device                                                                     ; EP2C8Q208C8                    ;                                ;
; Minimum Core Junction Temperature                                          ; 0                              ;                                ;
; Maximum Core Junction Temperature                                          ; 85                             ;                                ;
; Fit Attempts to Skip                                                       ; 0                              ; 0.0                            ;
; Device I/O Standard                                                        ; 3.3-V LVTTL                    ;                                ;
; Use smart compilation                                                      ; Off                            ; Off                            ;
; Enable parallel Assembler and TimeQuest Timing Analyzer during compilation ; On                             ; On                             ;
; Enable compact report table                                                ; Off                            ; Off                            ;
; Auto Merge PLLs                                                            ; On                             ; On                             ;
; Ignore PLL Mode When Merging PLLs                                          ; Off                            ; Off                            ;
; Router Timing Optimization Level                                           ; Normal                         ; Normal                         ;
; Placement Effort Multiplier                                                ; 1.0                            ; 1.0                            ;
; Router Effort Multiplier                                                   ; 1.0                            ; 1.0                            ;
; Always Enable Input Buffers                                                ; Off                            ; Off                            ;
; Optimize Hold Timing                                                       ; IO Paths and Minimum TPD Paths ; IO Paths and Minimum TPD Paths ;
; Optimize Multi-Corner Timing                                               ; On                             ; On                             ;
; PowerPlay Power Optimization                                               ; Normal compilation             ; Normal compilation             ;
; Optimize Timing                                                            ; Normal compilation             ; Normal compilation             ;
; Optimize Timing for ECOs                                                   ; Off                            ; Off                            ;
; Regenerate full fit report during ECO compiles                             ; Off                            ; Off                            ;
; Optimize IOC Register Placement for Timing                                 ; Normal                         ; Normal                         ;
; Limit to One Fitting Attempt                                               ; Off                            ; Off                            ;
; Final Placement Optimizations                                              ; Automatically                  ; Automatically                  ;
; Fitter Aggressive Routability Optimizations                                ; Automatically                  ; Automatically                  ;
; Fitter Initial Placement Seed                                              ; 1                              ; 1                              ;
; PCI I/O                                                                    ; Off                            ; Off                            ;
; Weak Pull-Up Resistor                                                      ; Off                            ; Off                            ;
; Enable Bus-Hold Circuitry                                                  ; Off                            ; Off                            ;
; Auto Global Memory Control Signals                                         ; Off                            ; Off                            ;
; Auto Packed Registers                                                      ; Auto                           ; Auto                           ;
; Auto Delay Chains                                                          ; On                             ; On                             ;
; Auto Delay Chains for High Fanout Input Pins                               ; Off                            ; Off                            ;
; Perform Physical Synthesis for Combinational Logic for Fitting             ; Off                            ; Off                            ;
; Perform Physical Synthesis for Combinational Logic for Performance         ; Off                            ; Off                            ;
; Perform Register Duplication for Performance                               ; Off                            ; Off                            ;
; Perform Logic to Memory Mapping for Fitting                                ; Off                            ; Off                            ;
; Perform Register Retiming for Performance                                  ; Off                            ; Off                            ;
; Perform Asynchronous Signal Pipelining                                     ; Off                            ; Off                            ;
; Fitter Effort                                                              ; Auto Fit                       ; Auto Fit                       ;
; Physical Synthesis Effort Level                                            ; Normal                         ; Normal                         ;
; Auto Global Clock                                                          ; On                             ; On                             ;
; Auto Global Register Control Signals                                       ; On                             ; On                             ;
; Force Fitter to Avoid Periphery Placement Warnings                         ; Off                            ; Off                            ;
+----------------------------------------------------------------------------+--------------------------------+--------------------------------+


Parallel compilation was disabled, but you have multiple processors available. Enable parallel compilation to reduce compilation time.
+-------------------------------------+
; Parallel Compilation                ;
+----------------------------+--------+
; Processors                 ; Number ;
+----------------------------+--------+
; Number detected on machine ; 16     ;
; Maximum allowed            ; 1      ;
+----------------------------+--------+


+----------------------------------------------+
; Incremental Compilation Preservation Summary ;
+---------------------+------------------------+
; Type                ; Value                  ;
+---------------------+------------------------+
; Placement (by node) ;                        ;
;     -- Requested    ; 0 / 2810 ( 0.00 % )    ;
;     -- Achieved     ; 0 / 2810 ( 0.00 % )    ;
;                     ;                        ;
; Routing (by net)    ;                        ;
;     -- Requested    ; 0 / 0 ( 0.00 % )       ;
;     -- Achieved     ; 0 / 0 ( 0.00 % )       ;
+---------------------+------------------------+


+----------------------------------------------------------------------------------------------------------------------------------------------------------------------------------------+
; Incremental Compilation Partition Settings                                                                                                                                             ;
+--------------------------------+----------------+-------------------+-------------------------+------------------------+------------------------------+--------------------------------+
; Partition Name                 ; Partition Type ; Netlist Type Used ; Preservation Level Used ; Netlist Type Requested ; Preservation Level Requested ; Contents                       ;
+--------------------------------+----------------+-------------------+-------------------------+------------------------+------------------------------+--------------------------------+
; Top                            ; User-created   ; Source File       ; N/A                     ; Source File            ; N/A                          ;                                ;
; sld_hub:auto_hub               ; Auto-generated ; Post-Synthesis    ; N/A                     ; Post-Synthesis         ; N/A                          ; sld_hub:auto_hub               ;
; hard_block:auto_generated_inst ; Auto-generated ; Source File       ; N/A                     ; Source File            ; N/A                          ; hard_block:auto_generated_inst ;
+--------------------------------+----------------+-------------------+-------------------------+------------------------+------------------------------+--------------------------------+


+------------------------------------------------------------------------------------------------------------+
; Incremental Compilation Placement Preservation                                                             ;
+--------------------------------+---------+-------------------+-------------------------+-------------------+
; Partition Name                 ; # Nodes ; # Preserved Nodes ; Preservation Level Used ; Netlist Type Used ;
+--------------------------------+---------+-------------------+-------------------------+-------------------+
; Top                            ; 2544    ; 0                 ; N/A                     ; Source File       ;
; sld_hub:auto_hub               ; 263     ; 0                 ; N/A                     ; Post-Synthesis    ;
; hard_block:auto_generated_inst ; 3       ; 0                 ; N/A                     ; Source File       ;
+--------------------------------+---------+-------------------+-------------------------+-------------------+


+--------------+
; Pin-Out File ;
+--------------+
The pin-out file can be found in D:/Mohamed/Education/College/term_7/DrHossam/Hello_Nios/output_files/Hello_Nios.pin.


+--------------------------------------------------------------------------+
; Fitter Resource Usage Summary                                            ;
+---------------------------------------------+----------------------------+
; Resource                                    ; Usage                      ;
+---------------------------------------------+----------------------------+
; Total logic elements                        ; 1,708 / 8,256 ( 21 % )     ;
;     -- Combinational with no register       ; 827                        ;
;     -- Register only                        ; 95                         ;
;     -- Combinational with a register        ; 786                        ;
;                                             ;                            ;
; Logic element usage by number of LUT inputs ;                            ;
;     -- 4 input functions                    ; 860                        ;
;     -- 3 input functions                    ; 482                        ;
;     -- <=2 input functions                  ; 271                        ;
;     -- Register only                        ; 95                         ;
;                                             ;                            ;
; Logic elements by mode                      ;                            ;
;     -- normal mode                          ; 1474                       ;
;     -- arithmetic mode                      ; 139                        ;
;                                             ;                            ;
; Total registers*                            ; 881 / 8,646 ( 10 % )       ;
;     -- Dedicated logic registers            ; 881 / 8,256 ( 11 % )       ;
;     -- I/O registers                        ; 0 / 390 ( 0 % )            ;
;                                             ;                            ;
; Total LABs:  partially or completely used   ; 128 / 516 ( 25 % )         ;
; Virtual pins                                ; 0                          ;
; I/O pins                                    ; 1 / 138 ( < 1 % )          ;
;     -- Clock pins                           ; 1 / 4 ( 25 % )             ;
;                                             ;                            ;
; Global signals                              ; 6                          ;
; M4Ks                                        ; 30 / 36 ( 83 % )           ;
; Total block memory bits                     ; 107,264 / 165,888 ( 65 % ) ;
; Total block memory implementation bits      ; 138,240 / 165,888 ( 83 % ) ;
; Embedded Multiplier 9-bit elements          ; 0 / 36 ( 0 % )             ;
; PLLs                                        ; 0 / 2 ( 0 % )              ;
; Global clocks                               ; 6 / 8 ( 75 % )             ;
; JTAGs                                       ; 1 / 1 ( 100 % )            ;
; ASMI blocks                                 ; 0 / 1 ( 0 % )              ;
; CRC blocks                                  ; 0 / 1 ( 0 % )              ;
; Average interconnect usage (total/H/V)      ; 10% / 10% / 10%            ;
; Peak interconnect usage (total/H/V)         ; 20% / 20% / 20%            ;
; Maximum fan-out                             ; 730                        ;
; Highest non-global fan-out                  ; 96                         ;
; Total fan-out                               ; 9207                       ;
; Average fan-out                             ; 3.52                       ;
+---------------------------------------------+----------------------------+
*  Register count does not include registers inside RAM blocks or DSP blocks.



+--------------------------------------------------------------------------------------------------------------------------+
; Fitter Partition Statistics                                                                                              ;
+---------------------------------------------+----------------------+--------------------+--------------------------------+
; Statistic                                   ; Top                  ; sld_hub:auto_hub   ; hard_block:auto_generated_inst ;
+---------------------------------------------+----------------------+--------------------+--------------------------------+
; Difficulty Clustering Region                ; Low                  ; Low                ; Low                            ;
;                                             ;                      ;                    ;                                ;
; Total logic elements                        ; 1530 / 8256 ( 19 % ) ; 178 / 8256 ( 2 % ) ; 0 / 8256 ( 0 % )               ;
;     -- Combinational with no register       ; 746                  ; 81                 ; 0                              ;
;     -- Register only                        ; 81                   ; 14                 ; 0                              ;
;     -- Combinational with a register        ; 703                  ; 83                 ; 0                              ;
;                                             ;                      ;                    ;                                ;
; Logic element usage by number of LUT inputs ;                      ;                    ;                                ;
;     -- 4 input functions                    ; 786                  ; 74                 ; 0                              ;
;     -- 3 input functions                    ; 434                  ; 48                 ; 0                              ;
;     -- <=2 input functions                  ; 229                  ; 42                 ; 0                              ;
;     -- Register only                        ; 81                   ; 14                 ; 0                              ;
;                                             ;                      ;                    ;                                ;
; Logic elements by mode                      ;                      ;                    ;                                ;
;     -- normal mode                          ; 1318                 ; 156                ; 0                              ;
;     -- arithmetic mode                      ; 131                  ; 8                  ; 0                              ;
;                                             ;                      ;                    ;                                ;
; Total registers                             ; 784                  ; 97                 ; 0                              ;
;     -- Dedicated logic registers            ; 784 / 8256 ( 9 % )   ; 97 / 8256 ( 1 % )  ; 0 / 8256 ( 0 % )               ;
;                                             ;                      ;                    ;                                ;
; Total LABs:  partially or completely used   ; 114 / 516 ( 22 % )   ; 15 / 516 ( 3 % )   ; 0 / 516 ( 0 % )                ;
;                                             ;                      ;                    ;                                ;
; Virtual pins                                ; 0                    ; 0                  ; 0                              ;
; I/O pins                                    ; 1                    ; 0                  ; 0                              ;
; Embedded Multiplier 9-bit elements          ; 0 / 36 ( 0 % )       ; 0 / 36 ( 0 % )     ; 0 / 36 ( 0 % )                 ;
; Total memory bits                           ; 107264               ; 0                  ; 0                              ;
; Total RAM block bits                        ; 138240               ; 0                  ; 0                              ;
; JTAG                                        ; 1 / 1 ( 100 % )      ; 0 / 1 ( 0 % )      ; 0 / 1 ( 0 % )                  ;
; M4K                                         ; 30 / 36 ( 83 % )     ; 0 / 36 ( 0 % )     ; 0 / 36 ( 0 % )                 ;
; Clock control block                         ; 4 / 10 ( 40 % )      ; 2 / 10 ( 20 % )    ; 0 / 10 ( 0 % )                 ;
;                                             ;                      ;                    ;                                ;
; Connections                                 ;                      ;                    ;                                ;
;     -- Input Connections                    ; 268                  ; 142                ; 0                              ;
;     -- Registered Input Connections         ; 130                  ; 106                ; 0                              ;
;     -- Output Connections                   ; 237                  ; 173                ; 0                              ;
;     -- Registered Output Connections        ; 4                    ; 133                ; 0                              ;
;                                             ;                      ;                    ;                                ;
; Internal Connections                        ;                      ;                    ;                                ;
;     -- Total Connections                    ; 8501                 ; 1043               ; 0                              ;
;     -- Registered Connections               ; 3234                 ; 646                ; 0                              ;
;                                             ;                      ;                    ;                                ;
; External Connections                        ;                      ;                    ;                                ;
;     -- Top                                  ; 192                  ; 313                ; 0                              ;
;     -- sld_hub:auto_hub                     ; 313                  ; 2                  ; 0                              ;
;     -- hard_block:auto_generated_inst       ; 0                    ; 0                  ; 0                              ;
;                                             ;                      ;                    ;                                ;
; Partition Interface                         ;                      ;                    ;                                ;
;     -- Input Ports                          ; 41                   ; 23                 ; 0                              ;
;     -- Output Ports                         ; 7                    ; 40                 ; 0                              ;
;     -- Bidir Ports                          ; 0                    ; 0                  ; 0                              ;
;                                             ;                      ;                    ;                                ;
; Registered Ports                            ;                      ;                    ;                                ;
;     -- Registered Input Ports               ; 0                    ; 3                  ; 0                              ;
;     -- Registered Output Ports              ; 0                    ; 29                 ; 0                              ;
;                                             ;                      ;                    ;                                ;
; Port Connectivity                           ;                      ;                    ;                                ;
;     -- Input Ports driven by GND            ; 0                    ; 9                  ; 0                              ;
;     -- Output Ports driven by GND           ; 0                    ; 1                  ; 0                              ;
;     -- Input Ports driven by VCC            ; 0                    ; 0                  ; 0                              ;
;     -- Output Ports driven by VCC           ; 0                    ; 0                  ; 0                              ;
;     -- Input Ports with no Source           ; 0                    ; 1                  ; 0                              ;
;     -- Output Ports with no Source          ; 0                    ; 0                  ; 0                              ;
;     -- Input Ports with no Fanout           ; 0                    ; 2                  ; 0                              ;
;     -- Output Ports with no Fanout          ; 0                    ; 26                 ; 0                              ;
+---------------------------------------------+----------------------+--------------------+--------------------------------+


+--------------------------------------------------------------------------------------------------------------------------------------------------------------------------------------------------------------------------------------------------------------+
; Input Pins                                                                                                                                                                                                                                                   ;
+--------+-------+----------+--------------+--------------+-------------+-----------------------+--------------------+--------+----------------+---------------+-----------------+----------+--------------+--------------+-------------+----------------------+
; Name   ; Pin # ; I/O Bank ; X coordinate ; Y coordinate ; Cell number ; Combinational Fan-Out ; Registered Fan-Out ; Global ; Input Register ; Power Up High ; PCI I/O Enabled ; Bus Hold ; Weak Pull Up ; I/O Standard ; Termination ; Location assigned by ;
+--------+-------+----------+--------------+--------------+-------------+-----------------------+--------------------+--------+----------------+---------------+-----------------+----------+--------------+--------------+-------------+----------------------+
; clk_in ; 23    ; 1        ; 0            ; 9            ; 0           ; 1                     ; 0                  ; yes    ; no             ; no            ; no              ; no       ; Off          ; 3.3-V LVTTL  ; Off         ; User                 ;
+--------+-------+----------+--------------+--------------+-------------+-----------------------+--------------------+--------+----------------+---------------+-----------------+----------+--------------+--------------+-------------+----------------------+


+----------------------------------------------------------+
; I/O Bank Usage                                           ;
+----------+----------------+---------------+--------------+
; I/O Bank ; Usage          ; VCCIO Voltage ; VREF Voltage ;
+----------+----------------+---------------+--------------+
; 1        ; 3 / 32 ( 9 % ) ; 3.3V          ; --           ;
; 2        ; 0 / 35 ( 0 % ) ; 3.3V          ; --           ;
; 3        ; 1 / 35 ( 3 % ) ; 3.3V          ; --           ;
; 4        ; 0 / 36 ( 0 % ) ; 3.3V          ; --           ;
+----------+----------------+---------------+--------------+


+------------------------------------------------------------------------------------------------------------------------------------------------------------------------+
; All Package Pins                                                                                                                                                       ;
+----------+------------+----------+------------------------------------------+--------+--------------+---------+------------+-----------------+----------+--------------+
; Location ; Pad Number ; I/O Bank ; Pin Name/Usage                           ; Dir.   ; I/O Standard ; Voltage ; I/O Type   ; User Assignment ; Bus Hold ; Weak Pull Up ;
+----------+------------+----------+------------------------------------------+--------+--------------+---------+------------+-----------------+----------+--------------+
; 1        ; 0          ; 1        ; ~ASDO~ / RESERVED_INPUT_WITH_WEAK_PULLUP ; input  ; 3.3-V LVTTL  ;         ; Row I/O    ; N               ; no       ; On           ;
; 2        ; 1          ; 1        ; ~nCSO~ / RESERVED_INPUT_WITH_WEAK_PULLUP ; input  ; 3.3-V LVTTL  ;         ; Row I/O    ; N               ; no       ; On           ;
; 3        ; 2          ; 1        ; GND*                                     ;        ;              ;         ; Row I/O    ;                 ; no       ; Off          ;
; 4        ; 3          ; 1        ; GND*                                     ;        ;              ;         ; Row I/O    ;                 ; no       ; Off          ;
; 5        ; 4          ; 1        ; GND*                                     ;        ;              ;         ; Row I/O    ;                 ; no       ; Off          ;
; 6        ; 5          ; 1        ; GND*                                     ;        ;              ;         ; Row I/O    ;                 ; no       ; Off          ;
; 7        ;            ; 1        ; VCCIO1                                   ; power  ;              ; 3.3V    ; --         ;                 ; --       ; --           ;
; 8        ; 6          ; 1        ; GND*                                     ;        ;              ;         ; Row I/O    ;                 ; no       ; Off          ;
; 9        ;            ;          ; GND                                      ; gnd    ;              ;         ; --         ;                 ; --       ; --           ;
; 10       ; 7          ; 1        ; GND*                                     ;        ;              ;         ; Row I/O    ;                 ; no       ; Off          ;
; 11       ; 8          ; 1        ; GND*                                     ;        ;              ;         ; Row I/O    ;                 ; no       ; Off          ;
; 12       ; 9          ; 1        ; GND*                                     ;        ;              ;         ; Row I/O    ;                 ; no       ; Off          ;
; 13       ; 10         ; 1        ; GND*                                     ;        ;              ;         ; Row I/O    ;                 ; --       ; --           ;
; 14       ; 18         ; 1        ; GND*                                     ;        ;              ;         ; Row I/O    ;                 ; no       ; Off          ;
; 15       ; 19         ; 1        ; GND*                                     ;        ;              ;         ; Row I/O    ;                 ; no       ; Off          ;
; 16       ; 20         ; 1        ; altera_reserved_tdo                      ; output ; 3.3-V LVTTL  ;         ; --         ; N               ; no       ; Off          ;
; 17       ; 21         ; 1        ; altera_reserved_tms                      ; input  ; 3.3-V LVTTL  ;         ; --         ; N               ; no       ; Off          ;
; 18       ; 22         ; 1        ; altera_reserved_tck                      ; input  ; 3.3-V LVTTL  ;         ; --         ; N               ; no       ; Off          ;
; 19       ; 23         ; 1        ; altera_reserved_tdi                      ; input  ; 3.3-V LVTTL  ;         ; --         ; N               ; no       ; Off          ;
; 20       ; 24         ; 1        ; ^DATA0                                   ; input  ;              ;         ; --         ;                 ; --       ; --           ;
; 21       ; 25         ; 1        ; ^DCLK                                    ;        ;              ;         ; --         ;                 ; --       ; --           ;
; 22       ; 26         ; 1        ; ^nCE                                     ;        ;              ;         ; --         ;                 ; --       ; --           ;
; 23       ; 27         ; 1        ; clk_in                                   ; input  ; 3.3-V LVTTL  ;         ; Row I/O    ; Y               ; no       ; Off          ;
; 24       ; 28         ; 1        ; GND+                                     ;        ;              ;         ; Row I/O    ;                 ; --       ; --           ;
; 25       ;            ;          ; GND                                      ; gnd    ;              ;         ; --         ;                 ; --       ; --           ;
; 26       ; 29         ; 1        ; ^nCONFIG                                 ;        ;              ;         ; --         ;                 ; --       ; --           ;
; 27       ; 30         ; 1        ; GND+                                     ;        ;              ;         ; Row I/O    ;                 ; --       ; --           ;
; 28       ; 31         ; 1        ; GND+                                     ;        ;              ;         ; Row I/O    ;                 ; --       ; --           ;
; 29       ;            ; 1        ; VCCIO1                                   ; power  ;              ; 3.3V    ; --         ;                 ; --       ; --           ;
; 30       ; 32         ; 1        ; GND*                                     ;        ;              ;         ; Row I/O    ;                 ; no       ; Off          ;
; 31       ; 33         ; 1        ; GND*                                     ;        ;              ;         ; Row I/O    ;                 ; no       ; Off          ;
; 32       ;            ;          ; VCCINT                                   ; power  ;              ; 1.2V    ; --         ;                 ; --       ; --           ;
; 33       ; 35         ; 1        ; GND*                                     ;        ;              ;         ; Row I/O    ;                 ; no       ; Off          ;
; 34       ; 36         ; 1        ; GND*                                     ;        ;              ;         ; Row I/O    ;                 ; no       ; Off          ;
; 35       ; 37         ; 1        ; GND*                                     ;        ;              ;         ; Row I/O    ;                 ; no       ; Off          ;
; 36       ;            ;          ; GND                                      ; gnd    ;              ;         ; --         ;                 ; --       ; --           ;
; 37       ; 39         ; 1        ; GND*                                     ;        ;              ;         ; Row I/O    ;                 ; --       ; --           ;
; 38       ;            ;          ; GND                                      ; gnd    ;              ;         ; --         ;                 ; --       ; --           ;
; 39       ; 43         ; 1        ; GND*                                     ;        ;              ;         ; Row I/O    ;                 ; no       ; Off          ;
; 40       ; 44         ; 1        ; GND*                                     ;        ;              ;         ; Row I/O    ;                 ; no       ; Off          ;
; 41       ; 45         ; 1        ; GND*                                     ;        ;              ;         ; Row I/O    ;                 ; no       ; Off          ;
; 42       ;            ; 1        ; VCCIO1                                   ; power  ;              ; 3.3V    ; --         ;                 ; --       ; --           ;
; 43       ; 48         ; 1        ; GND*                                     ;        ;              ;         ; Row I/O    ;                 ; no       ; Off          ;
; 44       ; 49         ; 1        ; GND*                                     ;        ;              ;         ; Row I/O    ;                 ; no       ; Off          ;
; 45       ; 50         ; 1        ; GND*                                     ;        ;              ;         ; Row I/O    ;                 ; no       ; Off          ;
; 46       ; 51         ; 1        ; GND*                                     ;        ;              ;         ; Row I/O    ;                 ; no       ; Off          ;
; 47       ; 52         ; 1        ; GND*                                     ;        ;              ;         ; Row I/O    ;                 ; no       ; Off          ;
; 48       ; 53         ; 1        ; GND*                                     ;        ;              ;         ; Row I/O    ;                 ; no       ; Off          ;
; 49       ;            ;          ; GND                                      ; gnd    ;              ;         ; --         ;                 ; --       ; --           ;
; 50       ;            ;          ; GND_PLL1                                 ; gnd    ;              ;         ; --         ;                 ; --       ; --           ;
; 51       ;            ;          ; VCCD_PLL1                                ; power  ;              ; 1.2V    ; --         ;                 ; --       ; --           ;
; 52       ;            ;          ; GND_PLL1                                 ; gnd    ;              ;         ; --         ;                 ; --       ; --           ;
; 53       ;            ;          ; VCCA_PLL1                                ; power  ;              ; 1.2V    ; --         ;                 ; --       ; --           ;
; 54       ;            ;          ; GNDA_PLL1                                ; gnd    ;              ;         ; --         ;                 ; --       ; --           ;
; 55       ;            ;          ; GND                                      ; gnd    ;              ;         ; --         ;                 ; --       ; --           ;
; 56       ; 54         ; 4        ; GND*                                     ;        ;              ;         ; Column I/O ;                 ; no       ; Off          ;
; 57       ; 55         ; 4        ; GND*                                     ;        ;              ;         ; Column I/O ;                 ; no       ; Off          ;
; 58       ; 56         ; 4        ; GND*                                     ;        ;              ;         ; Column I/O ;                 ; no       ; Off          ;
; 59       ; 57         ; 4        ; GND*                                     ;        ;              ;         ; Column I/O ;                 ; no       ; Off          ;
; 60       ; 58         ; 4        ; GND*                                     ;        ;              ;         ; Column I/O ;                 ; no       ; Off          ;
; 61       ; 59         ; 4        ; GND*                                     ;        ;              ;         ; Column I/O ;                 ; no       ; Off          ;
; 62       ;            ; 4        ; VCCIO4                                   ; power  ;              ; 3.3V    ; --         ;                 ; --       ; --           ;
; 63       ; 60         ; 4        ; GND*                                     ;        ;              ;         ; Column I/O ;                 ; no       ; Off          ;
; 64       ; 61         ; 4        ; GND*                                     ;        ;              ;         ; Column I/O ;                 ; no       ; Off          ;
; 65       ;            ;          ; GND                                      ; gnd    ;              ;         ; --         ;                 ; --       ; --           ;
; 66       ;            ;          ; VCCINT                                   ; power  ;              ; 1.2V    ; --         ;                 ; --       ; --           ;
; 67       ; 69         ; 4        ; GND*                                     ;        ;              ;         ; Column I/O ;                 ; --       ; --           ;
; 68       ; 70         ; 4        ; GND*                                     ;        ;              ;         ; Column I/O ;                 ; no       ; Off          ;
; 69       ; 71         ; 4        ; GND*                                     ;        ;              ;         ; Column I/O ;                 ; no       ; Off          ;
; 70       ; 74         ; 4        ; GND*                                     ;        ;              ;         ; Column I/O ;                 ; no       ; Off          ;
; 71       ;            ; 4        ; VCCIO4                                   ; power  ;              ; 3.3V    ; --         ;                 ; --       ; --           ;
; 72       ; 75         ; 4        ; GND*                                     ;        ;              ;         ; Column I/O ;                 ; no       ; Off          ;
; 73       ;            ;          ; GND                                      ; gnd    ;              ;         ; --         ;                 ; --       ; --           ;
; 74       ; 76         ; 4        ; GND*                                     ;        ;              ;         ; Column I/O ;                 ; no       ; Off          ;
; 75       ; 77         ; 4        ; GND*                                     ;        ;              ;         ; Column I/O ;                 ; no       ; Off          ;
; 76       ; 78         ; 4        ; GND*                                     ;        ;              ;         ; Column I/O ;                 ; no       ; Off          ;
; 77       ; 79         ; 4        ; GND*                                     ;        ;              ;         ; Column I/O ;                 ; no       ; Off          ;
; 78       ;            ;          ; GND                                      ; gnd    ;              ;         ; --         ;                 ; --       ; --           ;
; 79       ;            ;          ; VCCINT                                   ; power  ;              ; 1.2V    ; --         ;                 ; --       ; --           ;
; 80       ; 82         ; 4        ; GND*                                     ;        ;              ;         ; Column I/O ;                 ; no       ; Off          ;
; 81       ; 83         ; 4        ; GND*                                     ;        ;              ;         ; Column I/O ;                 ; no       ; Off          ;
; 82       ; 84         ; 4        ; GND*                                     ;        ;              ;         ; Column I/O ;                 ; no       ; Off          ;
; 83       ;            ; 4        ; VCCIO4                                   ; power  ;              ; 3.3V    ; --         ;                 ; --       ; --           ;
; 84       ; 85         ; 4        ; GND*                                     ;        ;              ;         ; Column I/O ;                 ; no       ; Off          ;
; 85       ;            ;          ; GND                                      ; gnd    ;              ;         ; --         ;                 ; --       ; --           ;
; 86       ; 86         ; 4        ; GND*                                     ;        ;              ;         ; Column I/O ;                 ; no       ; Off          ;
; 87       ; 87         ; 4        ; GND*                                     ;        ;              ;         ; Column I/O ;                 ; no       ; Off          ;
; 88       ; 88         ; 4        ; GND*                                     ;        ;              ;         ; Column I/O ;                 ; no       ; Off          ;
; 89       ; 89         ; 4        ; GND*                                     ;        ;              ;         ; Column I/O ;                 ; --       ; --           ;
; 90       ; 90         ; 4        ; GND*                                     ;        ;              ;         ; Column I/O ;                 ; no       ; Off          ;
; 91       ;            ; 4        ; VCCIO4                                   ; power  ;              ; 3.3V    ; --         ;                 ; --       ; --           ;
; 92       ; 91         ; 4        ; GND*                                     ;        ;              ;         ; Column I/O ;                 ; no       ; Off          ;
; 93       ;            ;          ; GND                                      ; gnd    ;              ;         ; --         ;                 ; --       ; --           ;
; 94       ; 92         ; 4        ; GND*                                     ;        ;              ;         ; Column I/O ;                 ; no       ; Off          ;
; 95       ; 93         ; 4        ; GND*                                     ;        ;              ;         ; Column I/O ;                 ; no       ; Off          ;
; 96       ; 94         ; 4        ; GND*                                     ;        ;              ;         ; Column I/O ;                 ; no       ; Off          ;
; 97       ; 95         ; 4        ; GND*                                     ;        ;              ;         ; Column I/O ;                 ; no       ; Off          ;
; 98       ;            ; 4        ; VCCIO4                                   ; power  ;              ; 3.3V    ; --         ;                 ; --       ; --           ;
; 99       ; 96         ; 4        ; GND*                                     ;        ;              ;         ; Column I/O ;                 ; no       ; Off          ;
; 100      ;            ;          ; GND                                      ; gnd    ;              ;         ; --         ;                 ; --       ; --           ;
; 101      ; 97         ; 4        ; GND*                                     ;        ;              ;         ; Column I/O ;                 ; no       ; Off          ;
; 102      ; 98         ; 4        ; GND*                                     ;        ;              ;         ; Column I/O ;                 ; no       ; Off          ;
; 103      ; 99         ; 4        ; GND*                                     ;        ;              ;         ; Column I/O ;                 ; no       ; Off          ;
; 104      ; 100        ; 4        ; GND*                                     ;        ;              ;         ; Column I/O ;                 ; no       ; Off          ;
; 105      ; 101        ; 3        ; GND*                                     ;        ;              ;         ; Row I/O    ;                 ; no       ; Off          ;
; 106      ; 102        ; 3        ; GND*                                     ;        ;              ;         ; Row I/O    ;                 ; no       ; Off          ;
; 107      ; 105        ; 3        ; GND*                                     ;        ;              ;         ; Row I/O    ;                 ; no       ; Off          ;
; 108      ; 106        ; 3        ; ~LVDS54p/nCEO~                           ; output ; 3.3-V LVTTL  ;         ; Row I/O    ; N               ; no       ; Off          ;
; 109      ;            ; 3        ; VCCIO3                                   ; power  ;              ; 3.3V    ; --         ;                 ; --       ; --           ;
; 110      ; 107        ; 3        ; GND*                                     ;        ;              ;         ; Row I/O    ;                 ; no       ; Off          ;
; 111      ;            ;          ; GND                                      ; gnd    ;              ;         ; --         ;                 ; --       ; --           ;
; 112      ; 108        ; 3        ; GND*                                     ;        ;              ;         ; Row I/O    ;                 ; no       ; Off          ;
; 113      ; 109        ; 3        ; GND*                                     ;        ;              ;         ; Row I/O    ;                 ; no       ; Off          ;
; 114      ; 110        ; 3        ; GND*                                     ;        ;              ;         ; Row I/O    ;                 ; no       ; Off          ;
; 115      ; 112        ; 3        ; GND*                                     ;        ;              ;         ; Row I/O    ;                 ; no       ; Off          ;
; 116      ; 113        ; 3        ; GND*                                     ;        ;              ;         ; Row I/O    ;                 ; no       ; Off          ;
; 117      ; 114        ; 3        ; GND*                                     ;        ;              ;         ; Row I/O    ;                 ; --       ; --           ;
; 118      ; 117        ; 3        ; GND*                                     ;        ;              ;         ; Row I/O    ;                 ; no       ; Off          ;
; 119      ;            ;          ; GND                                      ; gnd    ;              ;         ; --         ;                 ; --       ; --           ;
; 120      ;            ;          ; VCCINT                                   ; power  ;              ; 1.2V    ; --         ;                 ; --       ; --           ;
; 121      ; 121        ; 3        ; ^nSTATUS                                 ;        ;              ;         ; --         ;                 ; --       ; --           ;
; 122      ;            ; 3        ; VCCIO3                                   ; power  ;              ; 3.3V    ; --         ;                 ; --       ; --           ;
; 123      ; 122        ; 3        ; ^CONF_DONE                               ;        ;              ;         ; --         ;                 ; --       ; --           ;
; 124      ;            ;          ; GND                                      ; gnd    ;              ;         ; --         ;                 ; --       ; --           ;
; 125      ; 123        ; 3        ; ^MSEL1                                   ;        ;              ;         ; --         ;                 ; --       ; --           ;
; 126      ; 124        ; 3        ; ^MSEL0                                   ;        ;              ;         ; --         ;                 ; --       ; --           ;
; 127      ; 125        ; 3        ; GND*                                     ;        ;              ;         ; Row I/O    ;                 ; no       ; Off          ;
; 128      ; 126        ; 3        ; GND*                                     ;        ;              ;         ; Row I/O    ;                 ; no       ; Off          ;
; 129      ; 127        ; 3        ; GND+                                     ;        ;              ;         ; Row I/O    ;                 ; --       ; --           ;
; 130      ; 128        ; 3        ; GND+                                     ;        ;              ;         ; Row I/O    ;                 ; --       ; --           ;
; 131      ; 129        ; 3        ; GND+                                     ;        ;              ;         ; Row I/O    ;                 ; --       ; --           ;
; 132      ; 130        ; 3        ; GND+                                     ;        ;              ;         ; Row I/O    ;                 ; --       ; --           ;
; 133      ; 131        ; 3        ; GND*                                     ;        ;              ;         ; Row I/O    ;                 ; no       ; Off          ;
; 134      ; 132        ; 3        ; GND*                                     ;        ;              ;         ; Row I/O    ;                 ; no       ; Off          ;
; 135      ; 133        ; 3        ; GND*                                     ;        ;              ;         ; Row I/O    ;                 ; no       ; Off          ;
; 136      ;            ; 3        ; VCCIO3                                   ; power  ;              ; 3.3V    ; --         ;                 ; --       ; --           ;
; 137      ; 134        ; 3        ; GND*                                     ;        ;              ;         ; Row I/O    ;                 ; no       ; Off          ;
; 138      ; 135        ; 3        ; GND*                                     ;        ;              ;         ; Row I/O    ;                 ; no       ; Off          ;
; 139      ; 136        ; 3        ; GND*                                     ;        ;              ;         ; Row I/O    ;                 ; no       ; Off          ;
; 140      ;            ;          ; GND                                      ; gnd    ;              ;         ; --         ;                 ; --       ; --           ;
; 141      ; 137        ; 3        ; GND*                                     ;        ;              ;         ; Row I/O    ;                 ; no       ; Off          ;
; 142      ; 138        ; 3        ; GND*                                     ;        ;              ;         ; Row I/O    ;                 ; no       ; Off          ;
; 143      ; 141        ; 3        ; GND*                                     ;        ;              ;         ; Row I/O    ;                 ; no       ; Off          ;
; 144      ; 142        ; 3        ; GND*                                     ;        ;              ;         ; Row I/O    ;                 ; no       ; Off          ;
; 145      ; 143        ; 3        ; GND*                                     ;        ;              ;         ; Row I/O    ;                 ; --       ; --           ;
; 146      ; 149        ; 3        ; GND*                                     ;        ;              ;         ; Row I/O    ;                 ; no       ; Off          ;
; 147      ; 150        ; 3        ; GND*                                     ;        ;              ;         ; Row I/O    ;                 ; no       ; Off          ;
; 148      ;            ; 3        ; VCCIO3                                   ; power  ;              ; 3.3V    ; --         ;                 ; --       ; --           ;
; 149      ; 151        ; 3        ; GND*                                     ;        ;              ;         ; Row I/O    ;                 ; no       ; Off          ;
; 150      ; 152        ; 3        ; GND*                                     ;        ;              ;         ; Row I/O    ;                 ; no       ; Off          ;
; 151      ; 153        ; 3        ; GND*                                     ;        ;              ;         ; Row I/O    ;                 ; no       ; Off          ;
; 152      ; 154        ; 3        ; GND*                                     ;        ;              ;         ; Row I/O    ;                 ; no       ; Off          ;
; 153      ;            ;          ; GND                                      ; gnd    ;              ;         ; --         ;                 ; --       ; --           ;
; 154      ;            ;          ; GND_PLL2                                 ; gnd    ;              ;         ; --         ;                 ; --       ; --           ;
; 155      ;            ;          ; VCCD_PLL2                                ; power  ;              ; 1.2V    ; --         ;                 ; --       ; --           ;
; 156      ;            ;          ; GND_PLL2                                 ; gnd    ;              ;         ; --         ;                 ; --       ; --           ;
; 157      ;            ;          ; VCCA_PLL2                                ; power  ;              ; 1.2V    ; --         ;                 ; --       ; --           ;
; 158      ;            ;          ; GNDA_PLL2                                ; gnd    ;              ;         ; --         ;                 ; --       ; --           ;
; 159      ;            ;          ; GND                                      ; gnd    ;              ;         ; --         ;                 ; --       ; --           ;
; 160      ; 155        ; 2        ; GND*                                     ;        ;              ;         ; Column I/O ;                 ; no       ; Off          ;
; 161      ; 156        ; 2        ; GND*                                     ;        ;              ;         ; Column I/O ;                 ; no       ; Off          ;
; 162      ; 157        ; 2        ; GND*                                     ;        ;              ;         ; Column I/O ;                 ; no       ; Off          ;
; 163      ; 158        ; 2        ; GND*                                     ;        ;              ;         ; Column I/O ;                 ; no       ; Off          ;
; 164      ; 159        ; 2        ; GND*                                     ;        ;              ;         ; Column I/O ;                 ; no       ; Off          ;
; 165      ; 160        ; 2        ; GND*                                     ;        ;              ;         ; Column I/O ;                 ; no       ; Off          ;
; 166      ;            ; 2        ; VCCIO2                                   ; power  ;              ; 3.3V    ; --         ;                 ; --       ; --           ;
; 167      ;            ;          ; GND                                      ; gnd    ;              ;         ; --         ;                 ; --       ; --           ;
; 168      ; 161        ; 2        ; GND*                                     ;        ;              ;         ; Column I/O ;                 ; no       ; Off          ;
; 169      ; 162        ; 2        ; GND*                                     ;        ;              ;         ; Column I/O ;                 ; no       ; Off          ;
; 170      ; 163        ; 2        ; GND*                                     ;        ;              ;         ; Column I/O ;                 ; --       ; --           ;
; 171      ; 164        ; 2        ; GND*                                     ;        ;              ;         ; Column I/O ;                 ; no       ; Off          ;
; 172      ;            ; 2        ; VCCIO2                                   ; power  ;              ; 3.3V    ; --         ;                 ; --       ; --           ;
; 173      ; 165        ; 2        ; GND*                                     ;        ;              ;         ; Column I/O ;                 ; no       ; Off          ;
; 174      ;            ;          ; GND                                      ; gnd    ;              ;         ; --         ;                 ; --       ; --           ;
; 175      ; 168        ; 2        ; GND*                                     ;        ;              ;         ; Column I/O ;                 ; no       ; Off          ;
; 176      ; 169        ; 2        ; GND*                                     ;        ;              ;         ; Column I/O ;                 ; no       ; Off          ;
; 177      ;            ;          ; GND                                      ; gnd    ;              ;         ; --         ;                 ; --       ; --           ;
; 178      ;            ;          ; VCCINT                                   ; power  ;              ; 1.2V    ; --         ;                 ; --       ; --           ;
; 179      ; 173        ; 2        ; GND*                                     ;        ;              ;         ; Column I/O ;                 ; no       ; Off          ;
; 180      ; 174        ; 2        ; GND*                                     ;        ;              ;         ; Column I/O ;                 ; no       ; Off          ;
; 181      ; 175        ; 2        ; GND*                                     ;        ;              ;         ; Column I/O ;                 ; no       ; Off          ;
; 182      ; 176        ; 2        ; GND*                                     ;        ;              ;         ; Column I/O ;                 ; no       ; Off          ;
; 183      ;            ; 2        ; VCCIO2                                   ; power  ;              ; 3.3V    ; --         ;                 ; --       ; --           ;
; 184      ;            ;          ; GND                                      ; gnd    ;              ;         ; --         ;                 ; --       ; --           ;
; 185      ; 180        ; 2        ; GND*                                     ;        ;              ;         ; Column I/O ;                 ; no       ; Off          ;
; 186      ;            ;          ; GND                                      ; gnd    ;              ;         ; --         ;                 ; --       ; --           ;
; 187      ; 181        ; 2        ; GND*                                     ;        ;              ;         ; Column I/O ;                 ; no       ; Off          ;
; 188      ; 182        ; 2        ; GND*                                     ;        ;              ;         ; Column I/O ;                 ; no       ; Off          ;
; 189      ; 183        ; 2        ; GND*                                     ;        ;              ;         ; Column I/O ;                 ; no       ; Off          ;
; 190      ;            ;          ; VCCINT                                   ; power  ;              ; 1.2V    ; --         ;                 ; --       ; --           ;
; 191      ; 184        ; 2        ; GND*                                     ;        ;              ;         ; Column I/O ;                 ; no       ; Off          ;
; 192      ; 185        ; 2        ; GND*                                     ;        ;              ;         ; Column I/O ;                 ; --       ; --           ;
; 193      ; 186        ; 2        ; GND*                                     ;        ;              ;         ; Column I/O ;                 ; no       ; Off          ;
; 194      ;            ; 2        ; VCCIO2                                   ; power  ;              ; 3.3V    ; --         ;                 ; --       ; --           ;
; 195      ; 187        ; 2        ; GND*                                     ;        ;              ;         ; Column I/O ;                 ; no       ; Off          ;
; 196      ;            ;          ; GND                                      ; gnd    ;              ;         ; --         ;                 ; --       ; --           ;
; 197      ; 191        ; 2        ; GND*                                     ;        ;              ;         ; Column I/O ;                 ; no       ; Off          ;
; 198      ; 192        ; 2        ; GND*                                     ;        ;              ;         ; Column I/O ;                 ; no       ; Off          ;
; 199      ; 195        ; 2        ; GND*                                     ;        ;              ;         ; Column I/O ;                 ; no       ; Off          ;
; 200      ; 196        ; 2        ; GND*                                     ;        ;              ;         ; Column I/O ;                 ; no       ; Off          ;
; 201      ; 197        ; 2        ; GND*                                     ;        ;              ;         ; Column I/O ;                 ; no       ; Off          ;
; 202      ;            ; 2        ; VCCIO2                                   ; power  ;              ; 3.3V    ; --         ;                 ; --       ; --           ;
; 203      ; 198        ; 2        ; GND*                                     ;        ;              ;         ; Column I/O ;                 ; no       ; Off          ;
; 204      ;            ;          ; GND                                      ; gnd    ;              ;         ; --         ;                 ; --       ; --           ;
; 205      ; 199        ; 2        ; GND*                                     ;        ;              ;         ; Column I/O ;                 ; no       ; Off          ;
; 206      ; 200        ; 2        ; GND*                                     ;        ;              ;         ; Column I/O ;                 ; no       ; Off          ;
; 207      ; 201        ; 2        ; GND*                                     ;        ;              ;         ; Column I/O ;                 ; no       ; Off          ;
; 208      ; 202        ; 2        ; GND*                                     ;        ;              ;         ; Column I/O ;                 ; no       ; Off          ;
+----------+------------+----------+------------------------------------------+--------+--------------+---------+------------+-----------------+----------+--------------+
Note: Pin directions (input, output or bidir) are based on device operating in user mode.


+-------------------------------------------------------------------------------+
; Output Pin Default Load For Reported TCO                                      ;
+----------------------------------+-------+------------------------------------+
; I/O Standard                     ; Load  ; Termination Resistance             ;
+----------------------------------+-------+------------------------------------+
; 3.3-V LVTTL                      ; 0 pF  ; Not Available                      ;
; 3.3-V LVCMOS                     ; 0 pF  ; Not Available                      ;
; 2.5 V                            ; 0 pF  ; Not Available                      ;
; 1.8 V                            ; 0 pF  ; Not Available                      ;
; 1.5 V                            ; 0 pF  ; Not Available                      ;
; 3.3-V PCI                        ; 10 pF ; 25 Ohm (Parallel)                  ;
; 3.3-V PCI-X                      ; 10 pF ; 25 Ohm (Parallel)                  ;
; SSTL-2 Class I                   ; 0 pF  ; 50 Ohm (Parallel), 25 Ohm (Serial) ;
; SSTL-2 Class II                  ; 0 pF  ; 25 Ohm (Parallel), 25 Ohm (Serial) ;
; SSTL-18 Class I                  ; 0 pF  ; 50 Ohm (Parallel), 25 Ohm (Serial) ;
; SSTL-18 Class II                 ; 0 pF  ; 25 Ohm (Parallel), 25 Ohm (Serial) ;
; 1.5-V HSTL Class I               ; 0 pF  ; 50 Ohm (Parallel)                  ;
; 1.5-V HSTL Class II              ; 0 pF  ; 25 Ohm (Parallel)                  ;
; 1.8-V HSTL Class I               ; 0 pF  ; 50 Ohm (Parallel)                  ;
; 1.8-V HSTL Class II              ; 0 pF  ; 25 Ohm (Parallel)                  ;
; Differential SSTL-2              ; 0 pF  ; (See SSTL-2)                       ;
; Differential 2.5-V SSTL Class II ; 0 pF  ; (See SSTL-2 Class II)              ;
; Differential 1.8-V SSTL Class I  ; 0 pF  ; (See 1.8-V SSTL Class I)           ;
; Differential 1.8-V SSTL Class II ; 0 pF  ; (See 1.8-V SSTL Class II)          ;
; Differential 1.5-V HSTL Class I  ; 0 pF  ; (See 1.5-V HSTL Class I)           ;
; Differential 1.5-V HSTL Class II ; 0 pF  ; (See 1.5-V HSTL Class II)          ;
; Differential 1.8-V HSTL Class I  ; 0 pF  ; (See 1.8-V HSTL Class I)           ;
; Differential 1.8-V HSTL Class II ; 0 pF  ; (See 1.8-V HSTL Class II)          ;
; LVDS                             ; 0 pF  ; 100 Ohm (Differential)             ;
; mini-LVDS                        ; 0 pF  ; 100 Ohm (Differential)             ;
; RSDS                             ; 0 pF  ; 100 Ohm (Differential)             ;
; Simple RSDS                      ; 0 pF  ; Not Available                      ;
; Differential LVPECL              ; 0 pF  ; 100 Ohm (Differential)             ;
+----------------------------------+-------+------------------------------------+
Note: User assignments will override these defaults. The user specified values are listed in the Output Pins and Bidir Pins tables.


+-------------------------------------------------------------------------------------------------------------------------------------------------------------------------------------------------------------------------------------------------------------------------------------------------------------------------------------------------------------------------------------------------------------------------------------------------------------------------------------------------------------------------------------------------------------------------------------------------------------------------------------------------------------------------------------------------------------------------------------------------------------+
; Fitter Resource Utilization by Entity                                                                                                                                                                                                                                                                                                                                                                                                                                                                                                                                                                                                                                                                                                                       ;
+--------------------------------------------------------------------------------------------------------------------------+-------------+---------------------------+---------------+-------------+------+--------------+---------+-----------+------+--------------+--------------+-------------------+------------------+-------------------------------------------------------------------------------------------------------------------------------------------------------------------------------------------------------------------------------------------------------------------------------------------------------------------------------------------------------------------------------------------------------------------+--------------+
; Compilation Hierarchy Node                                                                                               ; Logic Cells ; Dedicated Logic Registers ; I/O Registers ; Memory Bits ; M4Ks ; DSP Elements ; DSP 9x9 ; DSP 18x18 ; Pins ; Virtual Pins ; LUT-Only LCs ; Register-Only LCs ; LUT/Register LCs ; Full Hierarchy Name                                                                                                                                                                                                                                                                                                                                                                                               ; Library Name ;
+--------------------------------------------------------------------------------------------------------------------------+-------------+---------------------------+---------------+-------------+------+--------------+---------+-----------+------+--------------+--------------+-------------------+------------------+-------------------------------------------------------------------------------------------------------------------------------------------------------------------------------------------------------------------------------------------------------------------------------------------------------------------------------------------------------------------------------------------------------------------+--------------+
; |Hello_Nios                                                                                                              ; 1708 (1)    ; 881 (0)                   ; 0 (0)         ; 107264      ; 30   ; 0            ; 0       ; 0         ; 1    ; 0            ; 827 (1)      ; 95 (0)            ; 786 (0)          ; |Hello_Nios                                                                                                                                                                                                                                                                                                                                                                                                       ; work         ;
;    |nios_system:u0|                                                                                                      ; 1529 (0)    ; 784 (0)                   ; 0 (0)         ; 107264      ; 30   ; 0            ; 0       ; 0         ; 0    ; 0            ; 745 (0)      ; 81 (0)            ; 703 (0)          ; |Hello_Nios|nios_system:u0                                                                                                                                                                                                                                                                                                                                                                                        ; nios_system  ;
;       |altera_avalon_sc_fifo:jtag_uart_0_avalon_jtag_slave_translator_avalon_universal_slave_0_agent_rsp_fifo|           ; 6 (6)       ; 4 (4)                     ; 0 (0)         ; 0           ; 0    ; 0            ; 0       ; 0         ; 0    ; 0            ; 2 (2)        ; 0 (0)             ; 4 (4)            ; |Hello_Nios|nios_system:u0|altera_avalon_sc_fifo:jtag_uart_0_avalon_jtag_slave_translator_avalon_universal_slave_0_agent_rsp_fifo                                                                                                                                                                                                                                                                                 ; nios_system  ;
;       |altera_avalon_sc_fifo:nios2_qsys_0_jtag_debug_module_translator_avalon_universal_slave_0_agent_rsp_fifo|          ; 10 (10)     ; 6 (6)                     ; 0 (0)         ; 0           ; 0    ; 0            ; 0       ; 0         ; 0    ; 0            ; 4 (4)        ; 0 (0)             ; 6 (6)            ; |Hello_Nios|nios_system:u0|altera_avalon_sc_fifo:nios2_qsys_0_jtag_debug_module_translator_avalon_universal_slave_0_agent_rsp_fifo                                                                                                                                                                                                                                                                                ; nios_system  ;
;       |altera_avalon_sc_fifo:onchip_memory2_0_s1_translator_avalon_universal_slave_0_agent_rsp_fifo|                     ; 11 (11)     ; 6 (6)                     ; 0 (0)         ; 0           ; 0    ; 0            ; 0       ; 0         ; 0    ; 0            ; 5 (5)        ; 0 (0)             ; 6 (6)            ; |Hello_Nios|nios_system:u0|altera_avalon_sc_fifo:onchip_memory2_0_s1_translator_avalon_universal_slave_0_agent_rsp_fifo                                                                                                                                                                                                                                                                                           ; nios_system  ;
;       |altera_merlin_master_agent:nios2_qsys_0_data_master_translator_avalon_universal_master_0_agent|                   ; 1 (1)       ; 0 (0)                     ; 0 (0)         ; 0           ; 0    ; 0            ; 0       ; 0         ; 0    ; 0            ; 1 (1)        ; 0 (0)             ; 0 (0)            ; |Hello_Nios|nios_system:u0|altera_merlin_master_agent:nios2_qsys_0_data_master_translator_avalon_universal_master_0_agent                                                                                                                                                                                                                                                                                         ; nios_system  ;
;       |altera_merlin_master_agent:nios2_qsys_0_instruction_master_translator_avalon_universal_master_0_agent|            ; 1 (1)       ; 0 (0)                     ; 0 (0)         ; 0           ; 0    ; 0            ; 0       ; 0         ; 0    ; 0            ; 0 (0)        ; 0 (0)             ; 1 (1)            ; |Hello_Nios|nios_system:u0|altera_merlin_master_agent:nios2_qsys_0_instruction_master_translator_avalon_universal_master_0_agent                                                                                                                                                                                                                                                                                  ; nios_system  ;
;       |altera_merlin_master_translator:nios2_qsys_0_data_master_translator|                                              ; 10 (10)     ; 3 (3)                     ; 0 (0)         ; 0           ; 0    ; 0            ; 0       ; 0         ; 0    ; 0            ; 6 (6)        ; 0 (0)             ; 4 (4)            ; |Hello_Nios|nios_system:u0|altera_merlin_master_translator:nios2_qsys_0_data_master_translator                                                                                                                                                                                                                                                                                                                    ; nios_system  ;
;       |altera_merlin_master_translator:nios2_qsys_0_instruction_master_translator|                                       ; 4 (4)       ; 1 (1)                     ; 0 (0)         ; 0           ; 0    ; 0            ; 0       ; 0         ; 0    ; 0            ; 3 (3)        ; 0 (0)             ; 1 (1)            ; |Hello_Nios|nios_system:u0|altera_merlin_master_translator:nios2_qsys_0_instruction_master_translator                                                                                                                                                                                                                                                                                                             ; nios_system  ;
;       |altera_merlin_slave_agent:nios2_qsys_0_jtag_debug_module_translator_avalon_universal_slave_0_agent|               ; 2 (2)       ; 0 (0)                     ; 0 (0)         ; 0           ; 0    ; 0            ; 0       ; 0         ; 0    ; 0            ; 2 (2)        ; 0 (0)             ; 0 (0)            ; |Hello_Nios|nios_system:u0|altera_merlin_slave_agent:nios2_qsys_0_jtag_debug_module_translator_avalon_universal_slave_0_agent                                                                                                                                                                                                                                                                                     ; nios_system  ;
;       |altera_merlin_slave_agent:onchip_memory2_0_s1_translator_avalon_universal_slave_0_agent|                          ; 1 (1)       ; 0 (0)                     ; 0 (0)         ; 0           ; 0    ; 0            ; 0       ; 0         ; 0    ; 0            ; 1 (1)        ; 0 (0)             ; 0 (0)            ; |Hello_Nios|nios_system:u0|altera_merlin_slave_agent:onchip_memory2_0_s1_translator_avalon_universal_slave_0_agent                                                                                                                                                                                                                                                                                                ; nios_system  ;
;       |altera_merlin_slave_translator:jtag_uart_0_avalon_jtag_slave_translator|                                          ; 23 (23)     ; 23 (23)                   ; 0 (0)         ; 0           ; 0    ; 0            ; 0       ; 0         ; 0    ; 0            ; 0 (0)        ; 0 (0)             ; 23 (23)          ; |Hello_Nios|nios_system:u0|altera_merlin_slave_translator:jtag_uart_0_avalon_jtag_slave_translator                                                                                                                                                                                                                                                                                                                ; nios_system  ;
;       |altera_merlin_slave_translator:nios2_qsys_0_jtag_debug_module_translator|                                         ; 33 (33)     ; 33 (33)                   ; 0 (0)         ; 0           ; 0    ; 0            ; 0       ; 0         ; 0    ; 0            ; 0 (0)        ; 0 (0)             ; 33 (33)          ; |Hello_Nios|nios_system:u0|altera_merlin_slave_translator:nios2_qsys_0_jtag_debug_module_translator                                                                                                                                                                                                                                                                                                               ; nios_system  ;
;       |altera_merlin_slave_translator:onchip_memory2_0_s1_translator|                                                    ; 2 (2)       ; 2 (2)                     ; 0 (0)         ; 0           ; 0    ; 0            ; 0       ; 0         ; 0    ; 0            ; 0 (0)        ; 0 (0)             ; 2 (2)            ; |Hello_Nios|nios_system:u0|altera_merlin_slave_translator:onchip_memory2_0_s1_translator                                                                                                                                                                                                                                                                                                                          ; nios_system  ;
;       |altera_reset_controller:rst_controller|                                                                           ; 9 (6)       ; 9 (6)                     ; 0 (0)         ; 0           ; 0    ; 0            ; 0       ; 0         ; 0    ; 0            ; 0 (0)        ; 6 (4)             ; 3 (2)            ; |Hello_Nios|nios_system:u0|altera_reset_controller:rst_controller                                                                                                                                                                                                                                                                                                                                                 ; nios_system  ;
;          |altera_reset_synchronizer:alt_rst_sync_uq1|                                                                    ; 3 (3)       ; 3 (3)                     ; 0 (0)         ; 0           ; 0    ; 0            ; 0       ; 0         ; 0    ; 0            ; 0 (0)        ; 2 (2)             ; 1 (1)            ; |Hello_Nios|nios_system:u0|altera_reset_controller:rst_controller|altera_reset_synchronizer:alt_rst_sync_uq1                                                                                                                                                                                                                                                                                                      ; nios_system  ;
;       |nios_system_addr_router:addr_router|                                                                              ; 1 (1)       ; 0 (0)                     ; 0 (0)         ; 0           ; 0    ; 0            ; 0       ; 0         ; 0    ; 0            ; 1 (1)        ; 0 (0)             ; 0 (0)            ; |Hello_Nios|nios_system:u0|nios_system_addr_router:addr_router                                                                                                                                                                                                                                                                                                                                                    ; nios_system  ;
;       |nios_system_addr_router_001:addr_router_001|                                                                      ; 5 (5)       ; 0 (0)                     ; 0 (0)         ; 0           ; 0    ; 0            ; 0       ; 0         ; 0    ; 0            ; 5 (5)        ; 0 (0)             ; 0 (0)            ; |Hello_Nios|nios_system:u0|nios_system_addr_router_001:addr_router_001                                                                                                                                                                                                                                                                                                                                            ; nios_system  ;
;       |nios_system_cmd_xbar_demux:cmd_xbar_demux|                                                                        ; 3 (3)       ; 0 (0)                     ; 0 (0)         ; 0           ; 0    ; 0            ; 0       ; 0         ; 0    ; 0            ; 3 (3)        ; 0 (0)             ; 0 (0)            ; |Hello_Nios|nios_system:u0|nios_system_cmd_xbar_demux:cmd_xbar_demux                                                                                                                                                                                                                                                                                                                                              ; nios_system  ;
;       |nios_system_cmd_xbar_demux:rsp_xbar_demux_001|                                                                    ; 2 (2)       ; 0 (0)                     ; 0 (0)         ; 0           ; 0    ; 0            ; 0       ; 0         ; 0    ; 0            ; 1 (1)        ; 0 (0)             ; 1 (1)            ; |Hello_Nios|nios_system:u0|nios_system_cmd_xbar_demux:rsp_xbar_demux_001                                                                                                                                                                                                                                                                                                                                          ; nios_system  ;
;       |nios_system_cmd_xbar_demux:rsp_xbar_demux|                                                                        ; 2 (2)       ; 0 (0)                     ; 0 (0)         ; 0           ; 0    ; 0            ; 0       ; 0         ; 0    ; 0            ; 2 (2)        ; 0 (0)             ; 0 (0)            ; |Hello_Nios|nios_system:u0|nios_system_cmd_xbar_demux:rsp_xbar_demux                                                                                                                                                                                                                                                                                                                                              ; nios_system  ;
;       |nios_system_cmd_xbar_demux_001:cmd_xbar_demux_001|                                                                ; 7 (7)       ; 0 (0)                     ; 0 (0)         ; 0           ; 0    ; 0            ; 0       ; 0         ; 0    ; 0            ; 7 (7)        ; 0 (0)             ; 0 (0)            ; |Hello_Nios|nios_system:u0|nios_system_cmd_xbar_demux_001:cmd_xbar_demux_001                                                                                                                                                                                                                                                                                                                                      ; nios_system  ;
;       |nios_system_cmd_xbar_mux:cmd_xbar_mux_001|                                                                        ; 58 (55)     ; 5 (3)                     ; 0 (0)         ; 0           ; 0    ; 0            ; 0       ; 0         ; 0    ; 0            ; 37 (36)      ; 1 (0)             ; 20 (17)          ; |Hello_Nios|nios_system:u0|nios_system_cmd_xbar_mux:cmd_xbar_mux_001                                                                                                                                                                                                                                                                                                                                              ; nios_system  ;
;          |altera_merlin_arbitrator:arb|                                                                                  ; 5 (5)       ; 2 (2)                     ; 0 (0)         ; 0           ; 0    ; 0            ; 0       ; 0         ; 0    ; 0            ; 1 (1)        ; 1 (1)             ; 3 (3)            ; |Hello_Nios|nios_system:u0|nios_system_cmd_xbar_mux:cmd_xbar_mux_001|altera_merlin_arbitrator:arb                                                                                                                                                                                                                                                                                                                 ; nios_system  ;
;       |nios_system_cmd_xbar_mux:cmd_xbar_mux|                                                                            ; 55 (52)     ; 5 (3)                     ; 0 (0)         ; 0           ; 0    ; 0            ; 0       ; 0         ; 0    ; 0            ; 4 (3)        ; 1 (0)             ; 50 (47)          ; |Hello_Nios|nios_system:u0|nios_system_cmd_xbar_mux:cmd_xbar_mux                                                                                                                                                                                                                                                                                                                                                  ; nios_system  ;
;          |altera_merlin_arbitrator:arb|                                                                                  ; 5 (5)       ; 2 (2)                     ; 0 (0)         ; 0           ; 0    ; 0            ; 0       ; 0         ; 0    ; 0            ; 1 (1)        ; 1 (1)             ; 3 (3)            ; |Hello_Nios|nios_system:u0|nios_system_cmd_xbar_mux:cmd_xbar_mux|altera_merlin_arbitrator:arb                                                                                                                                                                                                                                                                                                                     ; nios_system  ;
;       |nios_system_jtag_uart_0:jtag_uart_0|                                                                              ; 164 (41)    ; 112 (13)                  ; 0 (0)         ; 1024        ; 2    ; 0            ; 0       ; 0         ; 0    ; 0            ; 42 (18)      ; 22 (3)            ; 100 (20)         ; |Hello_Nios|nios_system:u0|nios_system_jtag_uart_0:jtag_uart_0                                                                                                                                                                                                                                                                                                                                                    ; nios_system  ;
;          |alt_jtag_atlantic:nios_system_jtag_uart_0_alt_jtag_atlantic|                                                   ; 72 (72)     ; 59 (59)                   ; 0 (0)         ; 0           ; 0    ; 0            ; 0       ; 0         ; 0    ; 0            ; 13 (13)      ; 19 (19)           ; 40 (40)          ; |Hello_Nios|nios_system:u0|nios_system_jtag_uart_0:jtag_uart_0|alt_jtag_atlantic:nios_system_jtag_uart_0_alt_jtag_atlantic                                                                                                                                                                                                                                                                                        ; work         ;
;          |nios_system_jtag_uart_0_scfifo_r:the_nios_system_jtag_uart_0_scfifo_r|                                         ; 26 (0)      ; 20 (0)                    ; 0 (0)         ; 512         ; 1    ; 0            ; 0       ; 0         ; 0    ; 0            ; 6 (0)        ; 0 (0)             ; 20 (0)           ; |Hello_Nios|nios_system:u0|nios_system_jtag_uart_0:jtag_uart_0|nios_system_jtag_uart_0_scfifo_r:the_nios_system_jtag_uart_0_scfifo_r                                                                                                                                                                                                                                                                              ; nios_system  ;
;             |scfifo:rfifo|                                                                                               ; 26 (0)      ; 20 (0)                    ; 0 (0)         ; 512         ; 1    ; 0            ; 0       ; 0         ; 0    ; 0            ; 6 (0)        ; 0 (0)             ; 20 (0)           ; |Hello_Nios|nios_system:u0|nios_system_jtag_uart_0:jtag_uart_0|nios_system_jtag_uart_0_scfifo_r:the_nios_system_jtag_uart_0_scfifo_r|scfifo:rfifo                                                                                                                                                                                                                                                                 ; work         ;
;                |scfifo_1n21:auto_generated|                                                                              ; 26 (0)      ; 20 (0)                    ; 0 (0)         ; 512         ; 1    ; 0            ; 0       ; 0         ; 0    ; 0            ; 6 (0)        ; 0 (0)             ; 20 (0)           ; |Hello_Nios|nios_system:u0|nios_system_jtag_uart_0:jtag_uart_0|nios_system_jtag_uart_0_scfifo_r:the_nios_system_jtag_uart_0_scfifo_r|scfifo:rfifo|scfifo_1n21:auto_generated                                                                                                                                                                                                                                      ; work         ;
;                   |a_dpfifo_8t21:dpfifo|                                                                                 ; 26 (0)      ; 20 (0)                    ; 0 (0)         ; 512         ; 1    ; 0            ; 0       ; 0         ; 0    ; 0            ; 6 (0)        ; 0 (0)             ; 20 (0)           ; |Hello_Nios|nios_system:u0|nios_system_jtag_uart_0:jtag_uart_0|nios_system_jtag_uart_0_scfifo_r:the_nios_system_jtag_uart_0_scfifo_r|scfifo:rfifo|scfifo_1n21:auto_generated|a_dpfifo_8t21:dpfifo                                                                                                                                                                                                                 ; work         ;
;                      |a_fefifo_7cf:fifo_state|                                                                           ; 14 (8)      ; 8 (2)                     ; 0 (0)         ; 0           ; 0    ; 0            ; 0       ; 0         ; 0    ; 0            ; 6 (6)        ; 0 (0)             ; 8 (2)            ; |Hello_Nios|nios_system:u0|nios_system_jtag_uart_0:jtag_uart_0|nios_system_jtag_uart_0_scfifo_r:the_nios_system_jtag_uart_0_scfifo_r|scfifo:rfifo|scfifo_1n21:auto_generated|a_dpfifo_8t21:dpfifo|a_fefifo_7cf:fifo_state                                                                                                                                                                                         ; work         ;
;                         |cntr_rj7:count_usedw|                                                                           ; 6 (6)       ; 6 (6)                     ; 0 (0)         ; 0           ; 0    ; 0            ; 0       ; 0         ; 0    ; 0            ; 0 (0)        ; 0 (0)             ; 6 (6)            ; |Hello_Nios|nios_system:u0|nios_system_jtag_uart_0:jtag_uart_0|nios_system_jtag_uart_0_scfifo_r:the_nios_system_jtag_uart_0_scfifo_r|scfifo:rfifo|scfifo_1n21:auto_generated|a_dpfifo_8t21:dpfifo|a_fefifo_7cf:fifo_state|cntr_rj7:count_usedw                                                                                                                                                                    ; work         ;
;                      |cntr_fjb:rd_ptr_count|                                                                             ; 6 (6)       ; 6 (6)                     ; 0 (0)         ; 0           ; 0    ; 0            ; 0       ; 0         ; 0    ; 0            ; 0 (0)        ; 0 (0)             ; 6 (6)            ; |Hello_Nios|nios_system:u0|nios_system_jtag_uart_0:jtag_uart_0|nios_system_jtag_uart_0_scfifo_r:the_nios_system_jtag_uart_0_scfifo_r|scfifo:rfifo|scfifo_1n21:auto_generated|a_dpfifo_8t21:dpfifo|cntr_fjb:rd_ptr_count                                                                                                                                                                                           ; work         ;
;                      |cntr_fjb:wr_ptr|                                                                                   ; 6 (6)       ; 6 (6)                     ; 0 (0)         ; 0           ; 0    ; 0            ; 0       ; 0         ; 0    ; 0            ; 0 (0)        ; 0 (0)             ; 6 (6)            ; |Hello_Nios|nios_system:u0|nios_system_jtag_uart_0:jtag_uart_0|nios_system_jtag_uart_0_scfifo_r:the_nios_system_jtag_uart_0_scfifo_r|scfifo:rfifo|scfifo_1n21:auto_generated|a_dpfifo_8t21:dpfifo|cntr_fjb:wr_ptr                                                                                                                                                                                                 ; work         ;
;                      |dpram_5h21:FIFOram|                                                                                ; 0 (0)       ; 0 (0)                     ; 0 (0)         ; 512         ; 1    ; 0            ; 0       ; 0         ; 0    ; 0            ; 0 (0)        ; 0 (0)             ; 0 (0)            ; |Hello_Nios|nios_system:u0|nios_system_jtag_uart_0:jtag_uart_0|nios_system_jtag_uart_0_scfifo_r:the_nios_system_jtag_uart_0_scfifo_r|scfifo:rfifo|scfifo_1n21:auto_generated|a_dpfifo_8t21:dpfifo|dpram_5h21:FIFOram                                                                                                                                                                                              ; work         ;
;                         |altsyncram_9tl1:altsyncram2|                                                                    ; 0 (0)       ; 0 (0)                     ; 0 (0)         ; 512         ; 1    ; 0            ; 0       ; 0         ; 0    ; 0            ; 0 (0)        ; 0 (0)             ; 0 (0)            ; |Hello_Nios|nios_system:u0|nios_system_jtag_uart_0:jtag_uart_0|nios_system_jtag_uart_0_scfifo_r:the_nios_system_jtag_uart_0_scfifo_r|scfifo:rfifo|scfifo_1n21:auto_generated|a_dpfifo_8t21:dpfifo|dpram_5h21:FIFOram|altsyncram_9tl1:altsyncram2                                                                                                                                                                  ; work         ;
;          |nios_system_jtag_uart_0_scfifo_w:the_nios_system_jtag_uart_0_scfifo_w|                                         ; 25 (0)      ; 20 (0)                    ; 0 (0)         ; 512         ; 1    ; 0            ; 0       ; 0         ; 0    ; 0            ; 5 (0)        ; 0 (0)             ; 20 (0)           ; |Hello_Nios|nios_system:u0|nios_system_jtag_uart_0:jtag_uart_0|nios_system_jtag_uart_0_scfifo_w:the_nios_system_jtag_uart_0_scfifo_w                                                                                                                                                                                                                                                                              ; nios_system  ;
;             |scfifo:wfifo|                                                                                               ; 25 (0)      ; 20 (0)                    ; 0 (0)         ; 512         ; 1    ; 0            ; 0       ; 0         ; 0    ; 0            ; 5 (0)        ; 0 (0)             ; 20 (0)           ; |Hello_Nios|nios_system:u0|nios_system_jtag_uart_0:jtag_uart_0|nios_system_jtag_uart_0_scfifo_w:the_nios_system_jtag_uart_0_scfifo_w|scfifo:wfifo                                                                                                                                                                                                                                                                 ; work         ;
;                |scfifo_1n21:auto_generated|                                                                              ; 25 (0)      ; 20 (0)                    ; 0 (0)         ; 512         ; 1    ; 0            ; 0       ; 0         ; 0    ; 0            ; 5 (0)        ; 0 (0)             ; 20 (0)           ; |Hello_Nios|nios_system:u0|nios_system_jtag_uart_0:jtag_uart_0|nios_system_jtag_uart_0_scfifo_w:the_nios_system_jtag_uart_0_scfifo_w|scfifo:wfifo|scfifo_1n21:auto_generated                                                                                                                                                                                                                                      ; work         ;
;                   |a_dpfifo_8t21:dpfifo|                                                                                 ; 25 (0)      ; 20 (0)                    ; 0 (0)         ; 512         ; 1    ; 0            ; 0       ; 0         ; 0    ; 0            ; 5 (0)        ; 0 (0)             ; 20 (0)           ; |Hello_Nios|nios_system:u0|nios_system_jtag_uart_0:jtag_uart_0|nios_system_jtag_uart_0_scfifo_w:the_nios_system_jtag_uart_0_scfifo_w|scfifo:wfifo|scfifo_1n21:auto_generated|a_dpfifo_8t21:dpfifo                                                                                                                                                                                                                 ; work         ;
;                      |a_fefifo_7cf:fifo_state|                                                                           ; 13 (7)      ; 8 (2)                     ; 0 (0)         ; 0           ; 0    ; 0            ; 0       ; 0         ; 0    ; 0            ; 5 (5)        ; 0 (0)             ; 8 (2)            ; |Hello_Nios|nios_system:u0|nios_system_jtag_uart_0:jtag_uart_0|nios_system_jtag_uart_0_scfifo_w:the_nios_system_jtag_uart_0_scfifo_w|scfifo:wfifo|scfifo_1n21:auto_generated|a_dpfifo_8t21:dpfifo|a_fefifo_7cf:fifo_state                                                                                                                                                                                         ; work         ;
;                         |cntr_rj7:count_usedw|                                                                           ; 6 (6)       ; 6 (6)                     ; 0 (0)         ; 0           ; 0    ; 0            ; 0       ; 0         ; 0    ; 0            ; 0 (0)        ; 0 (0)             ; 6 (6)            ; |Hello_Nios|nios_system:u0|nios_system_jtag_uart_0:jtag_uart_0|nios_system_jtag_uart_0_scfifo_w:the_nios_system_jtag_uart_0_scfifo_w|scfifo:wfifo|scfifo_1n21:auto_generated|a_dpfifo_8t21:dpfifo|a_fefifo_7cf:fifo_state|cntr_rj7:count_usedw                                                                                                                                                                    ; work         ;
;                      |cntr_fjb:rd_ptr_count|                                                                             ; 6 (6)       ; 6 (6)                     ; 0 (0)         ; 0           ; 0    ; 0            ; 0       ; 0         ; 0    ; 0            ; 0 (0)        ; 0 (0)             ; 6 (6)            ; |Hello_Nios|nios_system:u0|nios_system_jtag_uart_0:jtag_uart_0|nios_system_jtag_uart_0_scfifo_w:the_nios_system_jtag_uart_0_scfifo_w|scfifo:wfifo|scfifo_1n21:auto_generated|a_dpfifo_8t21:dpfifo|cntr_fjb:rd_ptr_count                                                                                                                                                                                           ; work         ;
;                      |cntr_fjb:wr_ptr|                                                                                   ; 6 (6)       ; 6 (6)                     ; 0 (0)         ; 0           ; 0    ; 0            ; 0       ; 0         ; 0    ; 0            ; 0 (0)        ; 0 (0)             ; 6 (6)            ; |Hello_Nios|nios_system:u0|nios_system_jtag_uart_0:jtag_uart_0|nios_system_jtag_uart_0_scfifo_w:the_nios_system_jtag_uart_0_scfifo_w|scfifo:wfifo|scfifo_1n21:auto_generated|a_dpfifo_8t21:dpfifo|cntr_fjb:wr_ptr                                                                                                                                                                                                 ; work         ;
;                      |dpram_5h21:FIFOram|                                                                                ; 0 (0)       ; 0 (0)                     ; 0 (0)         ; 512         ; 1    ; 0            ; 0       ; 0         ; 0    ; 0            ; 0 (0)        ; 0 (0)             ; 0 (0)            ; |Hello_Nios|nios_system:u0|nios_system_jtag_uart_0:jtag_uart_0|nios_system_jtag_uart_0_scfifo_w:the_nios_system_jtag_uart_0_scfifo_w|scfifo:wfifo|scfifo_1n21:auto_generated|a_dpfifo_8t21:dpfifo|dpram_5h21:FIFOram                                                                                                                                                                                              ; work         ;
;                         |altsyncram_9tl1:altsyncram2|                                                                    ; 0 (0)       ; 0 (0)                     ; 0 (0)         ; 512         ; 1    ; 0            ; 0       ; 0         ; 0    ; 0            ; 0 (0)        ; 0 (0)             ; 0 (0)            ; |Hello_Nios|nios_system:u0|nios_system_jtag_uart_0:jtag_uart_0|nios_system_jtag_uart_0_scfifo_w:the_nios_system_jtag_uart_0_scfifo_w|scfifo:wfifo|scfifo_1n21:auto_generated|a_dpfifo_8t21:dpfifo|dpram_5h21:FIFOram|altsyncram_9tl1:altsyncram2                                                                                                                                                                  ; work         ;
;       |nios_system_nios2_qsys_0:nios2_qsys_0|                                                                            ; 1044 (658)  ; 572 (302)                 ; 0 (0)         ; 10240       ; 4    ; 0            ; 0       ; 0         ; 0    ; 0            ; 451 (335)    ; 51 (3)            ; 542 (321)        ; |Hello_Nios|nios_system:u0|nios_system_nios2_qsys_0:nios2_qsys_0                                                                                                                                                                                                                                                                                                                                                  ; nios_system  ;
;          |nios_system_nios2_qsys_0_nios2_oci:the_nios_system_nios2_qsys_0_nios2_oci|                                     ; 385 (83)    ; 269 (80)                  ; 0 (0)         ; 8192        ; 2    ; 0            ; 0       ; 0         ; 0    ; 0            ; 116 (3)      ; 48 (4)            ; 221 (76)         ; |Hello_Nios|nios_system:u0|nios_system_nios2_qsys_0:nios2_qsys_0|nios_system_nios2_qsys_0_nios2_oci:the_nios_system_nios2_qsys_0_nios2_oci                                                                                                                                                                                                                                                                        ; nios_system  ;
;             |nios_system_nios2_qsys_0_jtag_debug_module_wrapper:the_nios_system_nios2_qsys_0_jtag_debug_module_wrapper|  ; 140 (0)     ; 96 (0)                    ; 0 (0)         ; 0           ; 0    ; 0            ; 0       ; 0         ; 0    ; 0            ; 44 (0)       ; 42 (0)            ; 54 (0)           ; |Hello_Nios|nios_system:u0|nios_system_nios2_qsys_0:nios2_qsys_0|nios_system_nios2_qsys_0_nios2_oci:the_nios_system_nios2_qsys_0_nios2_oci|nios_system_nios2_qsys_0_jtag_debug_module_wrapper:the_nios_system_nios2_qsys_0_jtag_debug_module_wrapper                                                                                                                                                              ; nios_system  ;
;                |nios_system_nios2_qsys_0_jtag_debug_module_sysclk:the_nios_system_nios2_qsys_0_jtag_debug_module_sysclk| ; 51 (47)     ; 49 (45)                   ; 0 (0)         ; 0           ; 0    ; 0            ; 0       ; 0         ; 0    ; 0            ; 2 (2)        ; 38 (36)           ; 11 (9)           ; |Hello_Nios|nios_system:u0|nios_system_nios2_qsys_0:nios2_qsys_0|nios_system_nios2_qsys_0_nios2_oci:the_nios_system_nios2_qsys_0_nios2_oci|nios_system_nios2_qsys_0_jtag_debug_module_wrapper:the_nios_system_nios2_qsys_0_jtag_debug_module_wrapper|nios_system_nios2_qsys_0_jtag_debug_module_sysclk:the_nios_system_nios2_qsys_0_jtag_debug_module_sysclk                                                      ; nios_system  ;
;                   |altera_std_synchronizer:the_altera_std_synchronizer3|                                                 ; 2 (2)       ; 2 (2)                     ; 0 (0)         ; 0           ; 0    ; 0            ; 0       ; 0         ; 0    ; 0            ; 0 (0)        ; 1 (1)             ; 1 (1)            ; |Hello_Nios|nios_system:u0|nios_system_nios2_qsys_0:nios2_qsys_0|nios_system_nios2_qsys_0_nios2_oci:the_nios_system_nios2_qsys_0_nios2_oci|nios_system_nios2_qsys_0_jtag_debug_module_wrapper:the_nios_system_nios2_qsys_0_jtag_debug_module_wrapper|nios_system_nios2_qsys_0_jtag_debug_module_sysclk:the_nios_system_nios2_qsys_0_jtag_debug_module_sysclk|altera_std_synchronizer:the_altera_std_synchronizer3 ; work         ;
;                   |altera_std_synchronizer:the_altera_std_synchronizer4|                                                 ; 2 (2)       ; 2 (2)                     ; 0 (0)         ; 0           ; 0    ; 0            ; 0       ; 0         ; 0    ; 0            ; 0 (0)        ; 1 (1)             ; 1 (1)            ; |Hello_Nios|nios_system:u0|nios_system_nios2_qsys_0:nios2_qsys_0|nios_system_nios2_qsys_0_nios2_oci:the_nios_system_nios2_qsys_0_nios2_oci|nios_system_nios2_qsys_0_jtag_debug_module_wrapper:the_nios_system_nios2_qsys_0_jtag_debug_module_wrapper|nios_system_nios2_qsys_0_jtag_debug_module_sysclk:the_nios_system_nios2_qsys_0_jtag_debug_module_sysclk|altera_std_synchronizer:the_altera_std_synchronizer4 ; work         ;
;                |nios_system_nios2_qsys_0_jtag_debug_module_tck:the_nios_system_nios2_qsys_0_jtag_debug_module_tck|       ; 87 (83)     ; 47 (43)                   ; 0 (0)         ; 0           ; 0    ; 0            ; 0       ; 0         ; 0    ; 0            ; 40 (40)      ; 4 (2)             ; 43 (43)          ; |Hello_Nios|nios_system:u0|nios_system_nios2_qsys_0:nios2_qsys_0|nios_system_nios2_qsys_0_nios2_oci:the_nios_system_nios2_qsys_0_nios2_oci|nios_system_nios2_qsys_0_jtag_debug_module_wrapper:the_nios_system_nios2_qsys_0_jtag_debug_module_wrapper|nios_system_nios2_qsys_0_jtag_debug_module_tck:the_nios_system_nios2_qsys_0_jtag_debug_module_tck                                                            ; nios_system  ;
;                   |altera_std_synchronizer:the_altera_std_synchronizer1|                                                 ; 2 (2)       ; 2 (2)                     ; 0 (0)         ; 0           ; 0    ; 0            ; 0       ; 0         ; 0    ; 0            ; 0 (0)        ; 1 (1)             ; 1 (1)            ; |Hello_Nios|nios_system:u0|nios_system_nios2_qsys_0:nios2_qsys_0|nios_system_nios2_qsys_0_nios2_oci:the_nios_system_nios2_qsys_0_nios2_oci|nios_system_nios2_qsys_0_jtag_debug_module_wrapper:the_nios_system_nios2_qsys_0_jtag_debug_module_wrapper|nios_system_nios2_qsys_0_jtag_debug_module_tck:the_nios_system_nios2_qsys_0_jtag_debug_module_tck|altera_std_synchronizer:the_altera_std_synchronizer1       ; work         ;
;                   |altera_std_synchronizer:the_altera_std_synchronizer2|                                                 ; 2 (2)       ; 2 (2)                     ; 0 (0)         ; 0           ; 0    ; 0            ; 0       ; 0         ; 0    ; 0            ; 0 (0)        ; 1 (1)             ; 1 (1)            ; |Hello_Nios|nios_system:u0|nios_system_nios2_qsys_0:nios2_qsys_0|nios_system_nios2_qsys_0_nios2_oci:the_nios_system_nios2_qsys_0_nios2_oci|nios_system_nios2_qsys_0_jtag_debug_module_wrapper:the_nios_system_nios2_qsys_0_jtag_debug_module_wrapper|nios_system_nios2_qsys_0_jtag_debug_module_tck:the_nios_system_nios2_qsys_0_jtag_debug_module_tck|altera_std_synchronizer:the_altera_std_synchronizer2       ; work         ;
;                |sld_virtual_jtag_basic:nios_system_nios2_qsys_0_jtag_debug_module_phy|                                   ; 4 (4)       ; 0 (0)                     ; 0 (0)         ; 0           ; 0    ; 0            ; 0       ; 0         ; 0    ; 0            ; 2 (2)        ; 0 (0)             ; 2 (2)            ; |Hello_Nios|nios_system:u0|nios_system_nios2_qsys_0:nios2_qsys_0|nios_system_nios2_qsys_0_nios2_oci:the_nios_system_nios2_qsys_0_nios2_oci|nios_system_nios2_qsys_0_jtag_debug_module_wrapper:the_nios_system_nios2_qsys_0_jtag_debug_module_wrapper|sld_virtual_jtag_basic:nios_system_nios2_qsys_0_jtag_debug_module_phy                                                                                        ; work         ;
;             |nios_system_nios2_qsys_0_nios2_avalon_reg:the_nios_system_nios2_qsys_0_nios2_avalon_reg|                    ; 10 (10)     ; 3 (3)                     ; 0 (0)         ; 0           ; 0    ; 0            ; 0       ; 0         ; 0    ; 0            ; 7 (7)        ; 0 (0)             ; 3 (3)            ; |Hello_Nios|nios_system:u0|nios_system_nios2_qsys_0:nios2_qsys_0|nios_system_nios2_qsys_0_nios2_oci:the_nios_system_nios2_qsys_0_nios2_oci|nios_system_nios2_qsys_0_nios2_avalon_reg:the_nios_system_nios2_qsys_0_nios2_avalon_reg                                                                                                                                                                                ; nios_system  ;
;             |nios_system_nios2_qsys_0_nios2_oci_break:the_nios_system_nios2_qsys_0_nios2_oci_break|                      ; 32 (32)     ; 32 (32)                   ; 0 (0)         ; 0           ; 0    ; 0            ; 0       ; 0         ; 0    ; 0            ; 0 (0)        ; 0 (0)             ; 32 (32)          ; |Hello_Nios|nios_system:u0|nios_system_nios2_qsys_0:nios2_qsys_0|nios_system_nios2_qsys_0_nios2_oci:the_nios_system_nios2_qsys_0_nios2_oci|nios_system_nios2_qsys_0_nios2_oci_break:the_nios_system_nios2_qsys_0_nios2_oci_break                                                                                                                                                                                  ; nios_system  ;
;             |nios_system_nios2_qsys_0_nios2_oci_debug:the_nios_system_nios2_qsys_0_nios2_oci_debug|                      ; 12 (10)     ; 9 (7)                     ; 0 (0)         ; 0           ; 0    ; 0            ; 0       ; 0         ; 0    ; 0            ; 1 (1)        ; 2 (1)             ; 9 (8)            ; |Hello_Nios|nios_system:u0|nios_system_nios2_qsys_0:nios2_qsys_0|nios_system_nios2_qsys_0_nios2_oci:the_nios_system_nios2_qsys_0_nios2_oci|nios_system_nios2_qsys_0_nios2_oci_debug:the_nios_system_nios2_qsys_0_nios2_oci_debug                                                                                                                                                                                  ; nios_system  ;
;                |altera_std_synchronizer:the_altera_std_synchronizer|                                                     ; 2 (2)       ; 2 (2)                     ; 0 (0)         ; 0           ; 0    ; 0            ; 0       ; 0         ; 0    ; 0            ; 0 (0)        ; 1 (1)             ; 1 (1)            ; |Hello_Nios|nios_system:u0|nios_system_nios2_qsys_0:nios2_qsys_0|nios_system_nios2_qsys_0_nios2_oci:the_nios_system_nios2_qsys_0_nios2_oci|nios_system_nios2_qsys_0_nios2_oci_debug:the_nios_system_nios2_qsys_0_nios2_oci_debug|altera_std_synchronizer:the_altera_std_synchronizer                                                                                                                              ; work         ;
;             |nios_system_nios2_qsys_0_nios2_ocimem:the_nios_system_nios2_qsys_0_nios2_ocimem|                            ; 112 (112)   ; 49 (49)                   ; 0 (0)         ; 8192        ; 2    ; 0            ; 0       ; 0         ; 0    ; 0            ; 61 (61)      ; 0 (0)             ; 51 (51)          ; |Hello_Nios|nios_system:u0|nios_system_nios2_qsys_0:nios2_qsys_0|nios_system_nios2_qsys_0_nios2_oci:the_nios_system_nios2_qsys_0_nios2_oci|nios_system_nios2_qsys_0_nios2_ocimem:the_nios_system_nios2_qsys_0_nios2_ocimem                                                                                                                                                                                        ; nios_system  ;
;                |nios_system_nios2_qsys_0_ociram_sp_ram_module:nios_system_nios2_qsys_0_ociram_sp_ram|                    ; 0 (0)       ; 0 (0)                     ; 0 (0)         ; 8192        ; 2    ; 0            ; 0       ; 0         ; 0    ; 0            ; 0 (0)        ; 0 (0)             ; 0 (0)            ; |Hello_Nios|nios_system:u0|nios_system_nios2_qsys_0:nios2_qsys_0|nios_system_nios2_qsys_0_nios2_oci:the_nios_system_nios2_qsys_0_nios2_oci|nios_system_nios2_qsys_0_nios2_ocimem:the_nios_system_nios2_qsys_0_nios2_ocimem|nios_system_nios2_qsys_0_ociram_sp_ram_module:nios_system_nios2_qsys_0_ociram_sp_ram                                                                                                   ; nios_system  ;
;                   |altsyncram:the_altsyncram|                                                                            ; 0 (0)       ; 0 (0)                     ; 0 (0)         ; 8192        ; 2    ; 0            ; 0       ; 0         ; 0    ; 0            ; 0 (0)        ; 0 (0)             ; 0 (0)            ; |Hello_Nios|nios_system:u0|nios_system_nios2_qsys_0:nios2_qsys_0|nios_system_nios2_qsys_0_nios2_oci:the_nios_system_nios2_qsys_0_nios2_oci|nios_system_nios2_qsys_0_nios2_ocimem:the_nios_system_nios2_qsys_0_nios2_ocimem|nios_system_nios2_qsys_0_ociram_sp_ram_module:nios_system_nios2_qsys_0_ociram_sp_ram|altsyncram:the_altsyncram                                                                         ; work         ;
;                      |altsyncram_hn81:auto_generated|                                                                    ; 0 (0)       ; 0 (0)                     ; 0 (0)         ; 8192        ; 2    ; 0            ; 0       ; 0         ; 0    ; 0            ; 0 (0)        ; 0 (0)             ; 0 (0)            ; |Hello_Nios|nios_system:u0|nios_system_nios2_qsys_0:nios2_qsys_0|nios_system_nios2_qsys_0_nios2_oci:the_nios_system_nios2_qsys_0_nios2_oci|nios_system_nios2_qsys_0_nios2_ocimem:the_nios_system_nios2_qsys_0_nios2_ocimem|nios_system_nios2_qsys_0_ociram_sp_ram_module:nios_system_nios2_qsys_0_ociram_sp_ram|altsyncram:the_altsyncram|altsyncram_hn81:auto_generated                                          ; work         ;
;          |nios_system_nios2_qsys_0_register_bank_a_module:nios_system_nios2_qsys_0_register_bank_a|                      ; 0 (0)       ; 0 (0)                     ; 0 (0)         ; 1024        ; 1    ; 0            ; 0       ; 0         ; 0    ; 0            ; 0 (0)        ; 0 (0)             ; 0 (0)            ; |Hello_Nios|nios_system:u0|nios_system_nios2_qsys_0:nios2_qsys_0|nios_system_nios2_qsys_0_register_bank_a_module:nios_system_nios2_qsys_0_register_bank_a                                                                                                                                                                                                                                                         ; nios_system  ;
;             |altsyncram:the_altsyncram|                                                                                  ; 0 (0)       ; 0 (0)                     ; 0 (0)         ; 1024        ; 1    ; 0            ; 0       ; 0         ; 0    ; 0            ; 0 (0)        ; 0 (0)             ; 0 (0)            ; |Hello_Nios|nios_system:u0|nios_system_nios2_qsys_0:nios2_qsys_0|nios_system_nios2_qsys_0_register_bank_a_module:nios_system_nios2_qsys_0_register_bank_a|altsyncram:the_altsyncram                                                                                                                                                                                                                               ; work         ;
;                |altsyncram_dah1:auto_generated|                                                                          ; 0 (0)       ; 0 (0)                     ; 0 (0)         ; 1024        ; 1    ; 0            ; 0       ; 0         ; 0    ; 0            ; 0 (0)        ; 0 (0)             ; 0 (0)            ; |Hello_Nios|nios_system:u0|nios_system_nios2_qsys_0:nios2_qsys_0|nios_system_nios2_qsys_0_register_bank_a_module:nios_system_nios2_qsys_0_register_bank_a|altsyncram:the_altsyncram|altsyncram_dah1:auto_generated                                                                                                                                                                                                ; work         ;
;          |nios_system_nios2_qsys_0_register_bank_b_module:nios_system_nios2_qsys_0_register_bank_b|                      ; 0 (0)       ; 0 (0)                     ; 0 (0)         ; 1024        ; 1    ; 0            ; 0       ; 0         ; 0    ; 0            ; 0 (0)        ; 0 (0)             ; 0 (0)            ; |Hello_Nios|nios_system:u0|nios_system_nios2_qsys_0:nios2_qsys_0|nios_system_nios2_qsys_0_register_bank_b_module:nios_system_nios2_qsys_0_register_bank_b                                                                                                                                                                                                                                                         ; nios_system  ;
;             |altsyncram:the_altsyncram|                                                                                  ; 0 (0)       ; 0 (0)                     ; 0 (0)         ; 1024        ; 1    ; 0            ; 0       ; 0         ; 0    ; 0            ; 0 (0)        ; 0 (0)             ; 0 (0)            ; |Hello_Nios|nios_system:u0|nios_system_nios2_qsys_0:nios2_qsys_0|nios_system_nios2_qsys_0_register_bank_b_module:nios_system_nios2_qsys_0_register_bank_b|altsyncram:the_altsyncram                                                                                                                                                                                                                               ; work         ;
;                |altsyncram_eah1:auto_generated|                                                                          ; 0 (0)       ; 0 (0)                     ; 0 (0)         ; 1024        ; 1    ; 0            ; 0       ; 0         ; 0    ; 0            ; 0 (0)        ; 0 (0)             ; 0 (0)            ; |Hello_Nios|nios_system:u0|nios_system_nios2_qsys_0:nios2_qsys_0|nios_system_nios2_qsys_0_register_bank_b_module:nios_system_nios2_qsys_0_register_bank_b|altsyncram:the_altsyncram|altsyncram_eah1:auto_generated                                                                                                                                                                                                ; work         ;
;          |nios_system_nios2_qsys_0_test_bench:the_nios_system_nios2_qsys_0_test_bench|                                   ; 1 (1)       ; 1 (1)                     ; 0 (0)         ; 0           ; 0    ; 0            ; 0       ; 0         ; 0    ; 0            ; 0 (0)        ; 0 (0)             ; 1 (1)            ; |Hello_Nios|nios_system:u0|nios_system_nios2_qsys_0:nios2_qsys_0|nios_system_nios2_qsys_0_test_bench:the_nios_system_nios2_qsys_0_test_bench                                                                                                                                                                                                                                                                      ; nios_system  ;
;       |nios_system_onchip_memory2_0:onchip_memory2_0|                                                                    ; 145 (1)     ; 3 (0)                     ; 0 (0)         ; 96000       ; 24   ; 0            ; 0       ; 0         ; 0    ; 0            ; 141 (1)      ; 0 (0)             ; 4 (0)            ; |Hello_Nios|nios_system:u0|nios_system_onchip_memory2_0:onchip_memory2_0                                                                                                                                                                                                                                                                                                                                          ; nios_system  ;
;          |altsyncram:the_altsyncram|                                                                                     ; 144 (0)     ; 3 (0)                     ; 0 (0)         ; 96000       ; 24   ; 0            ; 0       ; 0         ; 0    ; 0            ; 140 (0)      ; 0 (0)             ; 4 (0)            ; |Hello_Nios|nios_system:u0|nios_system_onchip_memory2_0:onchip_memory2_0|altsyncram:the_altsyncram                                                                                                                                                                                                                                                                                                                ; work         ;
;             |altsyncram_8391:auto_generated|                                                                             ; 144 (0)     ; 3 (0)                     ; 0 (0)         ; 96000       ; 24   ; 0            ; 0       ; 0         ; 0    ; 0            ; 140 (0)      ; 0 (0)             ; 4 (0)            ; |Hello_Nios|nios_system:u0|nios_system_onchip_memory2_0:onchip_memory2_0|altsyncram:the_altsyncram|altsyncram_8391:auto_generated                                                                                                                                                                                                                                                                                 ; work         ;
;                |altsyncram:ram_block1a0|                                                                                 ; 144 (0)     ; 3 (0)                     ; 0 (0)         ; 96000       ; 24   ; 0            ; 0       ; 0         ; 0    ; 0            ; 140 (0)      ; 0 (0)             ; 4 (0)            ; |Hello_Nios|nios_system:u0|nios_system_onchip_memory2_0:onchip_memory2_0|altsyncram:the_altsyncram|altsyncram_8391:auto_generated|altsyncram:ram_block1a0                                                                                                                                                                                                                                                         ; work         ;
;                   |altsyncram_rau2:auto_generated|                                                                       ; 144 (3)     ; 3 (3)                     ; 0 (0)         ; 96000       ; 24   ; 0            ; 0       ; 0         ; 0    ; 0            ; 140 (0)      ; 0 (0)             ; 4 (3)            ; |Hello_Nios|nios_system:u0|nios_system_onchip_memory2_0:onchip_memory2_0|altsyncram:the_altsyncram|altsyncram_8391:auto_generated|altsyncram:ram_block1a0|altsyncram_rau2:auto_generated                                                                                                                                                                                                                          ; work         ;
;                      |decode_7oa:decode3|                                                                                ; 6 (6)       ; 0 (0)                     ; 0 (0)         ; 0           ; 0    ; 0            ; 0       ; 0         ; 0    ; 0            ; 6 (6)        ; 0 (0)             ; 0 (0)            ; |Hello_Nios|nios_system:u0|nios_system_onchip_memory2_0:onchip_memory2_0|altsyncram:the_altsyncram|altsyncram_8391:auto_generated|altsyncram:ram_block1a0|altsyncram_rau2:auto_generated|decode_7oa:decode3                                                                                                                                                                                                       ; work         ;
;                      |decode_7oa:deep_decode|                                                                            ; 6 (6)       ; 0 (0)                     ; 0 (0)         ; 0           ; 0    ; 0            ; 0       ; 0         ; 0    ; 0            ; 5 (5)        ; 0 (0)             ; 1 (1)            ; |Hello_Nios|nios_system:u0|nios_system_onchip_memory2_0:onchip_memory2_0|altsyncram:the_altsyncram|altsyncram_8391:auto_generated|altsyncram:ram_block1a0|altsyncram_rau2:auto_generated|decode_7oa:deep_decode                                                                                                                                                                                                   ; work         ;
;                      |mux_4kb:mux2|                                                                                      ; 129 (129)   ; 0 (0)                     ; 0 (0)         ; 0           ; 0    ; 0            ; 0       ; 0         ; 0    ; 0            ; 129 (129)    ; 0 (0)             ; 0 (0)            ; |Hello_Nios|nios_system:u0|nios_system_onchip_memory2_0:onchip_memory2_0|altsyncram:the_altsyncram|altsyncram_8391:auto_generated|altsyncram:ram_block1a0|altsyncram_rau2:auto_generated|mux_4kb:mux2                                                                                                                                                                                                             ; work         ;
;       |nios_system_rsp_xbar_mux:rsp_xbar_mux|                                                                            ; 11 (11)     ; 0 (0)                     ; 0 (0)         ; 0           ; 0    ; 0            ; 0       ; 0         ; 0    ; 0            ; 0 (0)        ; 0 (0)             ; 11 (11)          ; |Hello_Nios|nios_system:u0|nios_system_rsp_xbar_mux:rsp_xbar_mux                                                                                                                                                                                                                                                                                                                                                  ; nios_system  ;
;       |nios_system_rsp_xbar_mux_001:rsp_xbar_mux_001|                                                                    ; 32 (32)     ; 0 (0)                     ; 0 (0)         ; 0           ; 0    ; 0            ; 0       ; 0         ; 0    ; 0            ; 27 (27)      ; 0 (0)             ; 5 (5)            ; |Hello_Nios|nios_system:u0|nios_system_rsp_xbar_mux_001:rsp_xbar_mux_001                                                                                                                                                                                                                                                                                                                                          ; nios_system  ;
;    |sld_hub:auto_hub|                                                                                                    ; 178 (1)     ; 97 (0)                    ; 0 (0)         ; 0           ; 0    ; 0            ; 0       ; 0         ; 0    ; 0            ; 81 (1)       ; 14 (0)            ; 83 (0)           ; |Hello_Nios|sld_hub:auto_hub                                                                                                                                                                                                                                                                                                                                                                                      ; work         ;
;       |sld_jtag_hub:\jtag_hub_gen:sld_jtag_hub_inst|                                                                     ; 177 (132)   ; 97 (69)                   ; 0 (0)         ; 0           ; 0    ; 0            ; 0       ; 0         ; 0    ; 0            ; 80 (63)      ; 14 (14)           ; 83 (58)          ; |Hello_Nios|sld_hub:auto_hub|sld_jtag_hub:\jtag_hub_gen:sld_jtag_hub_inst                                                                                                                                                                                                                                                                                                                                         ; work         ;
;          |sld_rom_sr:hub_info_reg|                                                                                       ; 25 (25)     ; 9 (9)                     ; 0 (0)         ; 0           ; 0    ; 0            ; 0       ; 0         ; 0    ; 0            ; 16 (16)      ; 0 (0)             ; 9 (9)            ; |Hello_Nios|sld_hub:auto_hub|sld_jtag_hub:\jtag_hub_gen:sld_jtag_hub_inst|sld_rom_sr:hub_info_reg                                                                                                                                                                                                                                                                                                                 ; work         ;
;          |sld_shadow_jsm:shadow_jsm|                                                                                     ; 20 (20)     ; 19 (19)                   ; 0 (0)         ; 0           ; 0    ; 0            ; 0       ; 0         ; 0    ; 0            ; 1 (1)        ; 0 (0)             ; 19 (19)          ; |Hello_Nios|sld_hub:auto_hub|sld_jtag_hub:\jtag_hub_gen:sld_jtag_hub_inst|sld_shadow_jsm:shadow_jsm                                                                                                                                                                                                                                                                                                               ; work         ;
+--------------------------------------------------------------------------------------------------------------------------+-------------+---------------------------+---------------+-------------+------+--------------+---------+-----------+------+--------------+--------------+-------------------+------------------+-------------------------------------------------------------------------------------------------------------------------------------------------------------------------------------------------------------------------------------------------------------------------------------------------------------------------------------------------------------------------------------------------------------------+--------------+
Note: For table entries with two numbers listed, the numbers in parentheses indicate the number of resources of the given type used by the specific entity alone. The numbers listed outside of parentheses indicate the total resources of the given type used by the specific entity and all of its sub-entities in the hierarchy.


+---------------------------------------------------------------------------------+
; Delay Chain Summary                                                             ;
+--------+----------+---------------+---------------+-----------------------+-----+
; Name   ; Pin Type ; Pad to Core 0 ; Pad to Core 1 ; Pad to Input Register ; TCO ;
+--------+----------+---------------+---------------+-----------------------+-----+
; clk_in ; Input    ; (0) 171 ps    ; (0) 171 ps    ; --                    ; --  ;
+--------+----------+---------------+---------------+-----------------------+-----+


+---------------------------------------------------+
; Pad To Core Delay Chain Fanout                    ;
+---------------------+-------------------+---------+
; Source Pin / Fanout ; Pad To Core Index ; Setting ;
+---------------------+-------------------+---------+
; clk_in              ;                   ;         ;
+---------------------+-------------------+---------+


+----------------------------------------------------------------------------------------------------------------------------------------------------------------------------------------------------------------------------------------------------------------------------------------------------------------------------------------------------------------------------------------------------------------------------------------------------------------------------------------------------------------------+
; Control Signals                                                                                                                                                                                                                                                                                                                                                                                                                                                                                                      ;
+---------------------------------------------------------------------------------------------------------------------------------------------------------------------------------------------------------------------------------------------------------------------------------------------------------------------------------------------------------------------------+--------------------+---------+----------------------------+--------+----------------------+------------------+---------------------------+
; Name                                                                                                                                                                                                                                                                                                                                                                      ; Location           ; Fan-Out ; Usage                      ; Global ; Global Resource Used ; Global Line Name ; Enable Signal Source Name ;
+---------------------------------------------------------------------------------------------------------------------------------------------------------------------------------------------------------------------------------------------------------------------------------------------------------------------------------------------------------------------------+--------------------+---------+----------------------------+--------+----------------------+------------------+---------------------------+
; altera_internal_jtag~TCKUTAP                                                                                                                                                                                                                                                                                                                                              ; JTAG_X1_Y10_N0     ; 183     ; Clock                      ; yes    ; Global Clock         ; GCLK0            ; --                        ;
; altera_internal_jtag~TMSUTAP                                                                                                                                                                                                                                                                                                                                              ; JTAG_X1_Y10_N0     ; 22      ; Sync. clear                ; no     ; --                   ; --               ; --                        ;
; clk_in                                                                                                                                                                                                                                                                                                                                                                    ; PIN_23             ; 728     ; Clock                      ; yes    ; Global Clock         ; GCLK2            ; --                        ;
; nios_system:u0|altera_avalon_sc_fifo:nios2_qsys_0_jtag_debug_module_translator_avalon_universal_slave_0_agent_rsp_fifo|mem_used[1]~1                                                                                                                                                                                                                                      ; LCCOMB_X17_Y10_N14 ; 3       ; Clock enable               ; no     ; --                   ; --               ; --                        ;
; nios_system:u0|altera_avalon_sc_fifo:onchip_memory2_0_s1_translator_avalon_universal_slave_0_agent_rsp_fifo|always0~0                                                                                                                                                                                                                                                     ; LCCOMB_X17_Y9_N6   ; 2       ; Clock enable               ; no     ; --                   ; --               ; --                        ;
; nios_system:u0|altera_reset_controller:rst_controller|r_sync_rst                                                                                                                                                                                                                                                                                                          ; LCFF_X24_Y8_N9     ; 467     ; Async. clear               ; yes    ; Global Clock         ; GCLK4            ; --                        ;
; nios_system:u0|altera_reset_controller:rst_controller|r_sync_rst_dly                                                                                                                                                                                                                                                                                                      ; LCFF_X24_Y8_N27    ; 10      ; Clock enable               ; no     ; --                   ; --               ; --                        ;
; nios_system:u0|nios_system_cmd_xbar_mux:cmd_xbar_mux_001|altera_merlin_arbitrator:arb|top_priority_reg[0]~2                                                                                                                                                                                                                                                               ; LCCOMB_X18_Y13_N10 ; 2       ; Clock enable               ; no     ; --                   ; --               ; --                        ;
; nios_system:u0|nios_system_cmd_xbar_mux:cmd_xbar_mux_001|update_grant~1                                                                                                                                                                                                                                                                                                   ; LCCOMB_X17_Y13_N0  ; 4       ; Clock enable               ; no     ; --                   ; --               ; --                        ;
; nios_system:u0|nios_system_cmd_xbar_mux:cmd_xbar_mux|altera_merlin_arbitrator:arb|top_priority_reg[0]~0                                                                                                                                                                                                                                                                   ; LCCOMB_X19_Y10_N26 ; 2       ; Clock enable               ; no     ; --                   ; --               ; --                        ;
; nios_system:u0|nios_system_cmd_xbar_mux:cmd_xbar_mux|update_grant~1                                                                                                                                                                                                                                                                                                       ; LCCOMB_X18_Y10_N4  ; 4       ; Clock enable               ; no     ; --                   ; --               ; --                        ;
; nios_system:u0|nios_system_jtag_uart_0:jtag_uart_0|alt_jtag_atlantic:nios_system_jtag_uart_0_alt_jtag_atlantic|r_ena~0                                                                                                                                                                                                                                                    ; LCCOMB_X10_Y12_N0  ; 9       ; Clock enable               ; no     ; --                   ; --               ; --                        ;
; nios_system:u0|nios_system_jtag_uart_0:jtag_uart_0|alt_jtag_atlantic:nios_system_jtag_uart_0_alt_jtag_atlantic|td_shift[0]~4                                                                                                                                                                                                                                              ; LCCOMB_X10_Y11_N22 ; 21      ; Clock enable               ; no     ; --                   ; --               ; --                        ;
; nios_system:u0|nios_system_jtag_uart_0:jtag_uart_0|alt_jtag_atlantic:nios_system_jtag_uart_0_alt_jtag_atlantic|write_stalled~1                                                                                                                                                                                                                                            ; LCCOMB_X9_Y11_N4   ; 5       ; Clock enable               ; no     ; --                   ; --               ; --                        ;
; nios_system:u0|nios_system_jtag_uart_0:jtag_uart_0|alt_jtag_atlantic:nios_system_jtag_uart_0_alt_jtag_atlantic|write~0                                                                                                                                                                                                                                                    ; LCCOMB_X9_Y11_N20  ; 8       ; Clock enable               ; no     ; --                   ; --               ; --                        ;
; nios_system:u0|nios_system_jtag_uart_0:jtag_uart_0|fifo_rd~1                                                                                                                                                                                                                                                                                                              ; LCCOMB_X17_Y11_N0  ; 8       ; Clock enable               ; no     ; --                   ; --               ; --                        ;
; nios_system:u0|nios_system_jtag_uart_0:jtag_uart_0|fifo_wr                                                                                                                                                                                                                                                                                                                ; LCFF_X8_Y9_N3      ; 15      ; Clock enable, Write enable ; no     ; --                   ; --               ; --                        ;
; nios_system:u0|nios_system_jtag_uart_0:jtag_uart_0|ien_AE~0                                                                                                                                                                                                                                                                                                               ; LCCOMB_X17_Y11_N2  ; 3       ; Clock enable               ; no     ; --                   ; --               ; --                        ;
; nios_system:u0|nios_system_jtag_uart_0:jtag_uart_0|nios_system_jtag_uart_0_scfifo_r:the_nios_system_jtag_uart_0_scfifo_r|scfifo:rfifo|scfifo_1n21:auto_generated|a_dpfifo_8t21:dpfifo|a_fefifo_7cf:fifo_state|_~4                                                                                                                                                         ; LCCOMB_X10_Y9_N30  ; 6       ; Clock enable               ; no     ; --                   ; --               ; --                        ;
; nios_system:u0|nios_system_jtag_uart_0:jtag_uart_0|nios_system_jtag_uart_0_scfifo_w:the_nios_system_jtag_uart_0_scfifo_w|scfifo:wfifo|scfifo_1n21:auto_generated|a_dpfifo_8t21:dpfifo|a_fefifo_7cf:fifo_state|_~0                                                                                                                                                         ; LCCOMB_X8_Y9_N30   ; 6       ; Clock enable               ; no     ; --                   ; --               ; --                        ;
; nios_system:u0|nios_system_jtag_uart_0:jtag_uart_0|r_val~0                                                                                                                                                                                                                                                                                                                ; LCCOMB_X10_Y12_N18 ; 11      ; Clock enable               ; no     ; --                   ; --               ; --                        ;
; nios_system:u0|nios_system_jtag_uart_0:jtag_uart_0|read_0                                                                                                                                                                                                                                                                                                                 ; LCFF_X17_Y11_N7    ; 16      ; Sync. load                 ; no     ; --                   ; --               ; --                        ;
; nios_system:u0|nios_system_jtag_uart_0:jtag_uart_0|wr_rfifo                                                                                                                                                                                                                                                                                                               ; LCCOMB_X10_Y9_N22  ; 13      ; Clock enable, Write enable ; no     ; --                   ; --               ; --                        ;
; nios_system:u0|nios_system_nios2_qsys_0:nios2_qsys_0|D_iw[4]                                                                                                                                                                                                                                                                                                              ; LCFF_X17_Y8_N27    ; 40      ; Sync. load                 ; no     ; --                   ; --               ; --                        ;
; nios_system:u0|nios_system_nios2_qsys_0:nios2_qsys_0|E_alu_result~26                                                                                                                                                                                                                                                                                                      ; LCCOMB_X24_Y9_N8   ; 50      ; Sync. clear                ; no     ; --                   ; --               ; --                        ;
; nios_system:u0|nios_system_nios2_qsys_0:nios2_qsys_0|E_new_inst                                                                                                                                                                                                                                                                                                           ; LCFF_X17_Y14_N11   ; 42      ; Sync. load                 ; no     ; --                   ; --               ; --                        ;
; nios_system:u0|nios_system_nios2_qsys_0:nios2_qsys_0|E_valid                                                                                                                                                                                                                                                                                                              ; LCFF_X21_Y15_N19   ; 28      ; Clock enable               ; no     ; --                   ; --               ; --                        ;
; nios_system:u0|nios_system_nios2_qsys_0:nios2_qsys_0|F_pc_sel_nxt.10~0                                                                                                                                                                                                                                                                                                    ; LCCOMB_X24_Y14_N2  ; 13      ; Sync. load                 ; no     ; --                   ; --               ; --                        ;
; nios_system:u0|nios_system_nios2_qsys_0:nios2_qsys_0|F_valid~0                                                                                                                                                                                                                                                                                                            ; LCCOMB_X21_Y13_N12 ; 34      ; Clock enable               ; no     ; --                   ; --               ; --                        ;
; nios_system:u0|nios_system_nios2_qsys_0:nios2_qsys_0|R_ctrl_hi_imm16                                                                                                                                                                                                                                                                                                      ; LCFF_X21_Y12_N9    ; 17      ; Sync. load                 ; no     ; --                   ; --               ; --                        ;
; nios_system:u0|nios_system_nios2_qsys_0:nios2_qsys_0|R_ctrl_shift_rot                                                                                                                                                                                                                                                                                                     ; LCFF_X22_Y13_N29   ; 19      ; Sync. load                 ; no     ; --                   ; --               ; --                        ;
; nios_system:u0|nios_system_nios2_qsys_0:nios2_qsys_0|R_src1~37                                                                                                                                                                                                                                                                                                            ; LCCOMB_X21_Y13_N6  ; 32      ; Sync. load                 ; no     ; --                   ; --               ; --                        ;
; nios_system:u0|nios_system_nios2_qsys_0:nios2_qsys_0|R_src2_hi~2                                                                                                                                                                                                                                                                                                          ; LCCOMB_X23_Y13_N18 ; 15      ; Sync. clear                ; no     ; --                   ; --               ; --                        ;
; nios_system:u0|nios_system_nios2_qsys_0:nios2_qsys_0|W_rf_wren                                                                                                                                                                                                                                                                                                            ; LCCOMB_X26_Y14_N16 ; 2       ; Write enable               ; no     ; --                   ; --               ; --                        ;
; nios_system:u0|nios_system_nios2_qsys_0:nios2_qsys_0|W_status_reg_pie_inst_nxt~0                                                                                                                                                                                                                                                                                          ; LCCOMB_X24_Y14_N28 ; 11      ; Sync. clear                ; no     ; --                   ; --               ; --                        ;
; nios_system:u0|nios_system_nios2_qsys_0:nios2_qsys_0|W_valid                                                                                                                                                                                                                                                                                                              ; LCFF_X21_Y15_N17   ; 17      ; Clock enable               ; no     ; --                   ; --               ; --                        ;
; nios_system:u0|nios_system_nios2_qsys_0:nios2_qsys_0|av_ld_byte0_data[7]~0                                                                                                                                                                                                                                                                                                ; LCCOMB_X22_Y9_N2   ; 8       ; Clock enable               ; no     ; --                   ; --               ; --                        ;
; nios_system:u0|nios_system_nios2_qsys_0:nios2_qsys_0|av_ld_byte1_data_en~0                                                                                                                                                                                                                                                                                                ; LCCOMB_X22_Y9_N14  ; 8       ; Clock enable               ; no     ; --                   ; --               ; --                        ;
; nios_system:u0|nios_system_nios2_qsys_0:nios2_qsys_0|av_ld_rshift8~1                                                                                                                                                                                                                                                                                                      ; LCCOMB_X22_Y9_N0   ; 32      ; Clock enable, Sync. load   ; no     ; --                   ; --               ; --                        ;
; nios_system:u0|nios_system_nios2_qsys_0:nios2_qsys_0|nios_system_nios2_qsys_0_nios2_oci:the_nios_system_nios2_qsys_0_nios2_oci|address[8]                                                                                                                                                                                                                                 ; LCFF_X18_Y11_N1    ; 36      ; Sync. load                 ; no     ; --                   ; --               ; --                        ;
; nios_system:u0|nios_system_nios2_qsys_0:nios2_qsys_0|nios_system_nios2_qsys_0_nios2_oci:the_nios_system_nios2_qsys_0_nios2_oci|nios_system_nios2_qsys_0_jtag_debug_module_wrapper:the_nios_system_nios2_qsys_0_jtag_debug_module_wrapper|nios_system_nios2_qsys_0_jtag_debug_module_sysclk:the_nios_system_nios2_qsys_0_jtag_debug_module_sysclk|jxuir                    ; LCFF_X15_Y14_N9    ; 2       ; Clock enable               ; no     ; --                   ; --               ; --                        ;
; nios_system:u0|nios_system_nios2_qsys_0:nios2_qsys_0|nios_system_nios2_qsys_0_nios2_oci:the_nios_system_nios2_qsys_0_nios2_oci|nios_system_nios2_qsys_0_jtag_debug_module_wrapper:the_nios_system_nios2_qsys_0_jtag_debug_module_wrapper|nios_system_nios2_qsys_0_jtag_debug_module_sysclk:the_nios_system_nios2_qsys_0_jtag_debug_module_sysclk|take_action_ocimem_a     ; LCCOMB_X14_Y11_N4  ; 4       ; Clock enable, Sync. load   ; no     ; --                   ; --               ; --                        ;
; nios_system:u0|nios_system_nios2_qsys_0:nios2_qsys_0|nios_system_nios2_qsys_0_nios2_oci:the_nios_system_nios2_qsys_0_nios2_oci|nios_system_nios2_qsys_0_jtag_debug_module_wrapper:the_nios_system_nios2_qsys_0_jtag_debug_module_wrapper|nios_system_nios2_qsys_0_jtag_debug_module_sysclk:the_nios_system_nios2_qsys_0_jtag_debug_module_sysclk|take_action_ocimem_a~0   ; LCCOMB_X16_Y11_N10 ; 16      ; Clock enable               ; no     ; --                   ; --               ; --                        ;
; nios_system:u0|nios_system_nios2_qsys_0:nios2_qsys_0|nios_system_nios2_qsys_0_nios2_oci:the_nios_system_nios2_qsys_0_nios2_oci|nios_system_nios2_qsys_0_jtag_debug_module_wrapper:the_nios_system_nios2_qsys_0_jtag_debug_module_wrapper|nios_system_nios2_qsys_0_jtag_debug_module_sysclk:the_nios_system_nios2_qsys_0_jtag_debug_module_sysclk|take_action_ocimem_a~1   ; LCCOMB_X16_Y13_N2  ; 11      ; Clock enable               ; no     ; --                   ; --               ; --                        ;
; nios_system:u0|nios_system_nios2_qsys_0:nios2_qsys_0|nios_system_nios2_qsys_0_nios2_oci:the_nios_system_nios2_qsys_0_nios2_oci|nios_system_nios2_qsys_0_jtag_debug_module_wrapper:the_nios_system_nios2_qsys_0_jtag_debug_module_wrapper|nios_system_nios2_qsys_0_jtag_debug_module_sysclk:the_nios_system_nios2_qsys_0_jtag_debug_module_sysclk|take_action_ocimem_b     ; LCCOMB_X16_Y13_N10 ; 36      ; Sync. load                 ; no     ; --                   ; --               ; --                        ;
; nios_system:u0|nios_system_nios2_qsys_0:nios2_qsys_0|nios_system_nios2_qsys_0_nios2_oci:the_nios_system_nios2_qsys_0_nios2_oci|nios_system_nios2_qsys_0_jtag_debug_module_wrapper:the_nios_system_nios2_qsys_0_jtag_debug_module_wrapper|nios_system_nios2_qsys_0_jtag_debug_module_sysclk:the_nios_system_nios2_qsys_0_jtag_debug_module_sysclk|take_no_action_break_a~0 ; LCCOMB_X16_Y11_N24 ; 64      ; Clock enable               ; no     ; --                   ; --               ; --                        ;
; nios_system:u0|nios_system_nios2_qsys_0:nios2_qsys_0|nios_system_nios2_qsys_0_nios2_oci:the_nios_system_nios2_qsys_0_nios2_oci|nios_system_nios2_qsys_0_jtag_debug_module_wrapper:the_nios_system_nios2_qsys_0_jtag_debug_module_wrapper|nios_system_nios2_qsys_0_jtag_debug_module_sysclk:the_nios_system_nios2_qsys_0_jtag_debug_module_sysclk|update_jdo_strobe        ; LCFF_X16_Y13_N5    ; 39      ; Clock enable               ; no     ; --                   ; --               ; --                        ;
; nios_system:u0|nios_system_nios2_qsys_0:nios2_qsys_0|nios_system_nios2_qsys_0_nios2_oci:the_nios_system_nios2_qsys_0_nios2_oci|nios_system_nios2_qsys_0_jtag_debug_module_wrapper:the_nios_system_nios2_qsys_0_jtag_debug_module_wrapper|nios_system_nios2_qsys_0_jtag_debug_module_tck:the_nios_system_nios2_qsys_0_jtag_debug_module_tck|sr[34]~29                      ; LCCOMB_X13_Y13_N12 ; 18      ; Clock enable               ; no     ; --                   ; --               ; --                        ;
; nios_system:u0|nios_system_nios2_qsys_0:nios2_qsys_0|nios_system_nios2_qsys_0_nios2_oci:the_nios_system_nios2_qsys_0_nios2_oci|nios_system_nios2_qsys_0_jtag_debug_module_wrapper:the_nios_system_nios2_qsys_0_jtag_debug_module_wrapper|nios_system_nios2_qsys_0_jtag_debug_module_tck:the_nios_system_nios2_qsys_0_jtag_debug_module_tck|sr[37]~21                      ; LCCOMB_X13_Y13_N22 ; 2       ; Clock enable               ; no     ; --                   ; --               ; --                        ;
; nios_system:u0|nios_system_nios2_qsys_0:nios2_qsys_0|nios_system_nios2_qsys_0_nios2_oci:the_nios_system_nios2_qsys_0_nios2_oci|nios_system_nios2_qsys_0_jtag_debug_module_wrapper:the_nios_system_nios2_qsys_0_jtag_debug_module_wrapper|nios_system_nios2_qsys_0_jtag_debug_module_tck:the_nios_system_nios2_qsys_0_jtag_debug_module_tck|sr[3]~13                       ; LCCOMB_X12_Y13_N28 ; 13      ; Clock enable               ; no     ; --                   ; --               ; --                        ;
; nios_system:u0|nios_system_nios2_qsys_0:nios2_qsys_0|nios_system_nios2_qsys_0_nios2_oci:the_nios_system_nios2_qsys_0_nios2_oci|nios_system_nios2_qsys_0_jtag_debug_module_wrapper:the_nios_system_nios2_qsys_0_jtag_debug_module_wrapper|sld_virtual_jtag_basic:nios_system_nios2_qsys_0_jtag_debug_module_phy|virtual_state_sdr~0                                        ; LCCOMB_X12_Y13_N2  ; 39      ; Sync. load                 ; no     ; --                   ; --               ; --                        ;
; nios_system:u0|nios_system_nios2_qsys_0:nios2_qsys_0|nios_system_nios2_qsys_0_nios2_oci:the_nios_system_nios2_qsys_0_nios2_oci|nios_system_nios2_qsys_0_jtag_debug_module_wrapper:the_nios_system_nios2_qsys_0_jtag_debug_module_wrapper|sld_virtual_jtag_basic:nios_system_nios2_qsys_0_jtag_debug_module_phy|virtual_state_uir~0                                        ; LCCOMB_X12_Y13_N0  ; 4       ; Clock enable               ; no     ; --                   ; --               ; --                        ;
; nios_system:u0|nios_system_nios2_qsys_0:nios2_qsys_0|nios_system_nios2_qsys_0_nios2_oci:the_nios_system_nios2_qsys_0_nios2_oci|nios_system_nios2_qsys_0_nios2_avalon_reg:the_nios_system_nios2_qsys_0_nios2_avalon_reg|take_action_oci_intr_mask_reg~0                                                                                                                    ; LCCOMB_X15_Y9_N6   ; 2       ; Clock enable               ; no     ; --                   ; --               ; --                        ;
; nios_system:u0|nios_system_nios2_qsys_0:nios2_qsys_0|nios_system_nios2_qsys_0_nios2_oci:the_nios_system_nios2_qsys_0_nios2_oci|nios_system_nios2_qsys_0_nios2_oci_debug:the_nios_system_nios2_qsys_0_nios2_oci_debug|resetrequest                                                                                                                                         ; LCFF_X15_Y13_N11   ; 3       ; Async. clear               ; yes    ; Global Clock         ; GCLK5            ; --                        ;
; nios_system:u0|nios_system_nios2_qsys_0:nios2_qsys_0|nios_system_nios2_qsys_0_nios2_oci:the_nios_system_nios2_qsys_0_nios2_oci|nios_system_nios2_qsys_0_nios2_ocimem:the_nios_system_nios2_qsys_0_nios2_ocimem|MonDReg[0]~7                                                                                                                                               ; LCCOMB_X13_Y9_N2   ; 31      ; Clock enable               ; no     ; --                   ; --               ; --                        ;
; nios_system:u0|nios_system_nios2_qsys_0:nios2_qsys_0|nios_system_nios2_qsys_0_nios2_oci:the_nios_system_nios2_qsys_0_nios2_oci|nios_system_nios2_qsys_0_nios2_ocimem:the_nios_system_nios2_qsys_0_nios2_ocimem|ociram_wr_en                                                                                                                                               ; LCCOMB_X15_Y9_N10  ; 2       ; Write enable               ; no     ; --                   ; --               ; --                        ;
; nios_system:u0|nios_system_onchip_memory2_0:onchip_memory2_0|altsyncram:the_altsyncram|altsyncram_8391:auto_generated|altsyncram:ram_block1a0|altsyncram_rau2:auto_generated|decode_7oa:decode3|w_anode1601w[3]                                                                                                                                                           ; LCCOMB_X24_Y8_N4   ; 4       ; Write enable               ; no     ; --                   ; --               ; --                        ;
; nios_system:u0|nios_system_onchip_memory2_0:onchip_memory2_0|altsyncram:the_altsyncram|altsyncram_8391:auto_generated|altsyncram:ram_block1a0|altsyncram_rau2:auto_generated|decode_7oa:decode3|w_anode1618w[3]~0                                                                                                                                                         ; LCCOMB_X24_Y8_N24  ; 4       ; Write enable               ; no     ; --                   ; --               ; --                        ;
; nios_system:u0|nios_system_onchip_memory2_0:onchip_memory2_0|altsyncram:the_altsyncram|altsyncram_8391:auto_generated|altsyncram:ram_block1a0|altsyncram_rau2:auto_generated|decode_7oa:decode3|w_anode1628w[3]~0                                                                                                                                                         ; LCCOMB_X24_Y8_N20  ; 4       ; Write enable               ; no     ; --                   ; --               ; --                        ;
; nios_system:u0|nios_system_onchip_memory2_0:onchip_memory2_0|altsyncram:the_altsyncram|altsyncram_8391:auto_generated|altsyncram:ram_block1a0|altsyncram_rau2:auto_generated|decode_7oa:decode3|w_anode1638w[3]~0                                                                                                                                                         ; LCCOMB_X24_Y8_N0   ; 4       ; Write enable               ; no     ; --                   ; --               ; --                        ;
; nios_system:u0|nios_system_onchip_memory2_0:onchip_memory2_0|altsyncram:the_altsyncram|altsyncram_8391:auto_generated|altsyncram:ram_block1a0|altsyncram_rau2:auto_generated|decode_7oa:decode3|w_anode1648w[3]~0                                                                                                                                                         ; LCCOMB_X24_Y8_N28  ; 4       ; Write enable               ; no     ; --                   ; --               ; --                        ;
; nios_system:u0|nios_system_onchip_memory2_0:onchip_memory2_0|altsyncram:the_altsyncram|altsyncram_8391:auto_generated|altsyncram:ram_block1a0|altsyncram_rau2:auto_generated|decode_7oa:decode3|w_anode1658w[3]~0                                                                                                                                                         ; LCCOMB_X24_Y8_N10  ; 4       ; Write enable               ; no     ; --                   ; --               ; --                        ;
; nios_system:u0|nios_system_onchip_memory2_0:onchip_memory2_0|altsyncram:the_altsyncram|altsyncram_8391:auto_generated|altsyncram:ram_block1a0|altsyncram_rau2:auto_generated|decode_7oa:deep_decode|w_anode1601w[3]                                                                                                                                                       ; LCCOMB_X24_Y8_N30  ; 4       ; Clock enable               ; no     ; --                   ; --               ; --                        ;
; nios_system:u0|nios_system_onchip_memory2_0:onchip_memory2_0|altsyncram:the_altsyncram|altsyncram_8391:auto_generated|altsyncram:ram_block1a0|altsyncram_rau2:auto_generated|decode_7oa:deep_decode|w_anode1618w[3]~0                                                                                                                                                     ; LCCOMB_X24_Y8_N2   ; 4       ; Clock enable               ; no     ; --                   ; --               ; --                        ;
; nios_system:u0|nios_system_onchip_memory2_0:onchip_memory2_0|altsyncram:the_altsyncram|altsyncram_8391:auto_generated|altsyncram:ram_block1a0|altsyncram_rau2:auto_generated|decode_7oa:deep_decode|w_anode1628w[3]~0                                                                                                                                                     ; LCCOMB_X24_Y8_N14  ; 4       ; Clock enable               ; no     ; --                   ; --               ; --                        ;
; nios_system:u0|nios_system_onchip_memory2_0:onchip_memory2_0|altsyncram:the_altsyncram|altsyncram_8391:auto_generated|altsyncram:ram_block1a0|altsyncram_rau2:auto_generated|decode_7oa:deep_decode|w_anode1638w[3]~0                                                                                                                                                     ; LCCOMB_X24_Y8_N18  ; 4       ; Clock enable               ; no     ; --                   ; --               ; --                        ;
; nios_system:u0|nios_system_onchip_memory2_0:onchip_memory2_0|altsyncram:the_altsyncram|altsyncram_8391:auto_generated|altsyncram:ram_block1a0|altsyncram_rau2:auto_generated|decode_7oa:deep_decode|w_anode1648w[3]~0                                                                                                                                                     ; LCCOMB_X24_Y8_N22  ; 4       ; Clock enable               ; no     ; --                   ; --               ; --                        ;
; nios_system:u0|nios_system_onchip_memory2_0:onchip_memory2_0|altsyncram:the_altsyncram|altsyncram_8391:auto_generated|altsyncram:ram_block1a0|altsyncram_rau2:auto_generated|decode_7oa:deep_decode|w_anode1658w[3]~0                                                                                                                                                     ; LCCOMB_X24_Y8_N26  ; 4       ; Clock enable               ; no     ; --                   ; --               ; --                        ;
; sld_hub:auto_hub|sld_jtag_hub:\jtag_hub_gen:sld_jtag_hub_inst|clr_reg                                                                                                                                                                                                                                                                                                     ; LCFF_X7_Y12_N19    ; 70      ; Async. clear               ; yes    ; Global Clock         ; GCLK1            ; --                        ;
; sld_hub:auto_hub|sld_jtag_hub:\jtag_hub_gen:sld_jtag_hub_inst|design_hash_proc~0                                                                                                                                                                                                                                                                                          ; LCCOMB_X7_Y13_N22  ; 4       ; Sync. load                 ; no     ; --                   ; --               ; --                        ;
; sld_hub:auto_hub|sld_jtag_hub:\jtag_hub_gen:sld_jtag_hub_inst|hub_info_reg_ena                                                                                                                                                                                                                                                                                            ; LCCOMB_X7_Y12_N22  ; 4       ; Clock enable               ; no     ; --                   ; --               ; --                        ;
; sld_hub:auto_hub|sld_jtag_hub:\jtag_hub_gen:sld_jtag_hub_inst|hub_info_reg_ena~0                                                                                                                                                                                                                                                                                          ; LCCOMB_X7_Y13_N12  ; 5       ; Clock enable               ; no     ; --                   ; --               ; --                        ;
; sld_hub:auto_hub|sld_jtag_hub:\jtag_hub_gen:sld_jtag_hub_inst|identity_contrib_shift_reg[0]~4                                                                                                                                                                                                                                                                             ; LCCOMB_X8_Y13_N20  ; 4       ; Clock enable               ; no     ; --                   ; --               ; --                        ;
; sld_hub:auto_hub|sld_jtag_hub:\jtag_hub_gen:sld_jtag_hub_inst|identity_contrib_update_reg[0]~0                                                                                                                                                                                                                                                                            ; LCCOMB_X8_Y13_N8   ; 4       ; Clock enable               ; no     ; --                   ; --               ; --                        ;
; sld_hub:auto_hub|sld_jtag_hub:\jtag_hub_gen:sld_jtag_hub_inst|irf_reg[1][0]~5                                                                                                                                                                                                                                                                                             ; LCCOMB_X8_Y10_N20  ; 5       ; Clock enable               ; no     ; --                   ; --               ; --                        ;
; sld_hub:auto_hub|sld_jtag_hub:\jtag_hub_gen:sld_jtag_hub_inst|irf_reg[2][0]~12                                                                                                                                                                                                                                                                                            ; LCCOMB_X8_Y10_N24  ; 5       ; Clock enable               ; no     ; --                   ; --               ; --                        ;
; sld_hub:auto_hub|sld_jtag_hub:\jtag_hub_gen:sld_jtag_hub_inst|irsr_reg[2]~17                                                                                                                                                                                                                                                                                              ; LCCOMB_X10_Y10_N18 ; 5       ; Clock enable               ; no     ; --                   ; --               ; --                        ;
; sld_hub:auto_hub|sld_jtag_hub:\jtag_hub_gen:sld_jtag_hub_inst|mixer_addr_reg[0]~18                                                                                                                                                                                                                                                                                        ; LCCOMB_X8_Y14_N0   ; 5       ; Clock enable               ; no     ; --                   ; --               ; --                        ;
; sld_hub:auto_hub|sld_jtag_hub:\jtag_hub_gen:sld_jtag_hub_inst|mixer_addr_reg[0]~19                                                                                                                                                                                                                                                                                        ; LCCOMB_X7_Y14_N8   ; 5       ; Sync. load                 ; no     ; --                   ; --               ; --                        ;
; sld_hub:auto_hub|sld_jtag_hub:\jtag_hub_gen:sld_jtag_hub_inst|node_ena~3                                                                                                                                                                                                                                                                                                  ; LCCOMB_X8_Y12_N22  ; 2       ; Clock enable               ; no     ; --                   ; --               ; --                        ;
; sld_hub:auto_hub|sld_jtag_hub:\jtag_hub_gen:sld_jtag_hub_inst|shadow_irf_reg[1][0]~2                                                                                                                                                                                                                                                                                      ; LCCOMB_X9_Y10_N28  ; 5       ; Clock enable               ; no     ; --                   ; --               ; --                        ;
; sld_hub:auto_hub|sld_jtag_hub:\jtag_hub_gen:sld_jtag_hub_inst|shadow_irf_reg[2][0]~9                                                                                                                                                                                                                                                                                      ; LCCOMB_X8_Y10_N26  ; 5       ; Clock enable               ; no     ; --                   ; --               ; --                        ;
; sld_hub:auto_hub|sld_jtag_hub:\jtag_hub_gen:sld_jtag_hub_inst|sld_rom_sr:hub_info_reg|WORD_SR[0]~19                                                                                                                                                                                                                                                                       ; LCCOMB_X10_Y13_N14 ; 4       ; Clock enable               ; no     ; --                   ; --               ; --                        ;
; sld_hub:auto_hub|sld_jtag_hub:\jtag_hub_gen:sld_jtag_hub_inst|sld_rom_sr:hub_info_reg|word_counter[4]~22                                                                                                                                                                                                                                                                  ; LCCOMB_X12_Y13_N24 ; 5       ; Sync. clear                ; no     ; --                   ; --               ; --                        ;
; sld_hub:auto_hub|sld_jtag_hub:\jtag_hub_gen:sld_jtag_hub_inst|sld_rom_sr:hub_info_reg|word_counter[4]~23                                                                                                                                                                                                                                                                  ; LCCOMB_X12_Y13_N26 ; 5       ; Clock enable               ; no     ; --                   ; --               ; --                        ;
; sld_hub:auto_hub|sld_jtag_hub:\jtag_hub_gen:sld_jtag_hub_inst|sld_shadow_jsm:shadow_jsm|state[0]                                                                                                                                                                                                                                                                          ; LCFF_X8_Y12_N29    ; 12      ; Async. clear               ; yes    ; Global Clock         ; GCLK3            ; --                        ;
; sld_hub:auto_hub|sld_jtag_hub:\jtag_hub_gen:sld_jtag_hub_inst|sld_shadow_jsm:shadow_jsm|state[11]                                                                                                                                                                                                                                                                         ; LCFF_X7_Y12_N7     ; 12      ; Clock enable               ; no     ; --                   ; --               ; --                        ;
; sld_hub:auto_hub|sld_jtag_hub:\jtag_hub_gen:sld_jtag_hub_inst|sld_shadow_jsm:shadow_jsm|state[3]                                                                                                                                                                                                                                                                          ; LCFF_X8_Y12_N25    ; 42      ; Sync. load                 ; no     ; --                   ; --               ; --                        ;
; sld_hub:auto_hub|sld_jtag_hub:\jtag_hub_gen:sld_jtag_hub_inst|sld_shadow_jsm:shadow_jsm|state[4]                                                                                                                                                                                                                                                                          ; LCFF_X7_Y12_N11    ; 47      ; Sync. clear                ; no     ; --                   ; --               ; --                        ;
; sld_hub:auto_hub|sld_jtag_hub:\jtag_hub_gen:sld_jtag_hub_inst|sld_shadow_jsm:shadow_jsm|state[8]                                                                                                                                                                                                                                                                          ; LCFF_X7_Y12_N1     ; 14      ; Async. clear               ; no     ; --                   ; --               ; --                        ;
; sld_hub:auto_hub|sld_jtag_hub:\jtag_hub_gen:sld_jtag_hub_inst|virtual_ir_dr_scan_proc~0                                                                                                                                                                                                                                                                                   ; LCCOMB_X8_Y12_N16  ; 3       ; Clock enable               ; no     ; --                   ; --               ; --                        ;
; sld_hub:auto_hub|sld_jtag_hub:\jtag_hub_gen:sld_jtag_hub_inst|virtual_ir_scan_reg                                                                                                                                                                                                                                                                                         ; LCFF_X9_Y12_N9     ; 33      ; Async. clear               ; no     ; --                   ; --               ; --                        ;
+---------------------------------------------------------------------------------------------------------------------------------------------------------------------------------------------------------------------------------------------------------------------------------------------------------------------------------------------------------------------------+--------------------+---------+----------------------------+--------+----------------------+------------------+---------------------------+


+--------------------------------------------------------------------------------------------------------------------------------------------------------------------------------------------------------------------------------------------------------------------------------------------------------------------------------------+
; Global & Other Fast Signals                                                                                                                                                                                                                                                                                                          ;
+-----------------------------------------------------------------------------------------------------------------------------------------------------------------------------------------------------------------------------------+------------------+---------+----------------------+------------------+---------------------------+
; Name                                                                                                                                                                                                                              ; Location         ; Fan-Out ; Global Resource Used ; Global Line Name ; Enable Signal Source Name ;
+-----------------------------------------------------------------------------------------------------------------------------------------------------------------------------------------------------------------------------------+------------------+---------+----------------------+------------------+---------------------------+
; altera_internal_jtag~TCKUTAP                                                                                                                                                                                                      ; JTAG_X1_Y10_N0   ; 183     ; Global Clock         ; GCLK0            ; --                        ;
; clk_in                                                                                                                                                                                                                            ; PIN_23           ; 728     ; Global Clock         ; GCLK2            ; --                        ;
; nios_system:u0|altera_reset_controller:rst_controller|r_sync_rst                                                                                                                                                                  ; LCFF_X24_Y8_N9   ; 467     ; Global Clock         ; GCLK4            ; --                        ;
; nios_system:u0|nios_system_nios2_qsys_0:nios2_qsys_0|nios_system_nios2_qsys_0_nios2_oci:the_nios_system_nios2_qsys_0_nios2_oci|nios_system_nios2_qsys_0_nios2_oci_debug:the_nios_system_nios2_qsys_0_nios2_oci_debug|resetrequest ; LCFF_X15_Y13_N11 ; 3       ; Global Clock         ; GCLK5            ; --                        ;
; sld_hub:auto_hub|sld_jtag_hub:\jtag_hub_gen:sld_jtag_hub_inst|clr_reg                                                                                                                                                             ; LCFF_X7_Y12_N19  ; 70      ; Global Clock         ; GCLK1            ; --                        ;
; sld_hub:auto_hub|sld_jtag_hub:\jtag_hub_gen:sld_jtag_hub_inst|sld_shadow_jsm:shadow_jsm|state[0]                                                                                                                                  ; LCFF_X8_Y12_N29  ; 12      ; Global Clock         ; GCLK3            ; --                        ;
+-----------------------------------------------------------------------------------------------------------------------------------------------------------------------------------------------------------------------------------+------------------+---------+----------------------+------------------+---------------------------+


+-------------------------------------------------------------------------------------------------------------------------------------------------------------------------------------------------------------------------------------------------------------------------------------------------------------------------------------------------------------------------------------------------------------------------+
; Non-Global High Fan-Out Signals                                                                                                                                                                                                                                                                                                                                                                                         ;
+---------------------------------------------------------------------------------------------------------------------------------------------------------------------------------------------------------------------------------------------------------------------------------------------------------------------------------------------------------------------------------------------------------------+---------+
; Name                                                                                                                                                                                                                                                                                                                                                                                                          ; Fan-Out ;
+---------------------------------------------------------------------------------------------------------------------------------------------------------------------------------------------------------------------------------------------------------------------------------------------------------------------------------------------------------------------------------------------------------------+---------+
; nios_system:u0|nios_system_onchip_memory2_0:onchip_memory2_0|altsyncram:the_altsyncram|altsyncram_8391:auto_generated|altsyncram:ram_block1a0|altsyncram_rau2:auto_generated|address_reg_a[0]                                                                                                                                                                                                                 ; 96      ;
; nios_system:u0|nios_system_onchip_memory2_0:onchip_memory2_0|altsyncram:the_altsyncram|altsyncram_8391:auto_generated|altsyncram:ram_block1a0|altsyncram_rau2:auto_generated|address_reg_a[1]                                                                                                                                                                                                                 ; 65      ;
; nios_system:u0|nios_system_nios2_qsys_0:nios2_qsys_0|nios_system_nios2_qsys_0_nios2_oci:the_nios_system_nios2_qsys_0_nios2_oci|nios_system_nios2_qsys_0_jtag_debug_module_wrapper:the_nios_system_nios2_qsys_0_jtag_debug_module_wrapper|nios_system_nios2_qsys_0_jtag_debug_module_sysclk:the_nios_system_nios2_qsys_0_jtag_debug_module_sysclk|take_no_action_break_a~0                                     ; 64      ;
; nios_system:u0|nios_system_cmd_xbar_mux:cmd_xbar_mux_001|saved_grant[1]                                                                                                                                                                                                                                                                                                                                       ; 53      ;
; nios_system:u0|nios_system_cmd_xbar_mux:cmd_xbar_mux|saved_grant[1]                                                                                                                                                                                                                                                                                                                                           ; 51      ;
; nios_system:u0|nios_system_nios2_qsys_0:nios2_qsys_0|E_alu_result~26                                                                                                                                                                                                                                                                                                                                          ; 50      ;
; sld_hub:auto_hub|sld_jtag_hub:\jtag_hub_gen:sld_jtag_hub_inst|sld_shadow_jsm:shadow_jsm|state[4]                                                                                                                                                                                                                                                                                                              ; 47      ;
; nios_system:u0|nios_system_nios2_qsys_0:nios2_qsys_0|nios_system_nios2_qsys_0_nios2_oci:the_nios_system_nios2_qsys_0_nios2_oci|nios_system_nios2_qsys_0_nios2_ocimem:the_nios_system_nios2_qsys_0_nios2_ocimem|jtag_ram_access                                                                                                                                                                                ; 46      ;
; sld_hub:auto_hub|sld_jtag_hub:\jtag_hub_gen:sld_jtag_hub_inst|sld_shadow_jsm:shadow_jsm|state[3]                                                                                                                                                                                                                                                                                                              ; 42      ;
; sld_hub:auto_hub|sld_jtag_hub:\jtag_hub_gen:sld_jtag_hub_inst|irf_reg[1][1]                                                                                                                                                                                                                                                                                                                                   ; 42      ;
; nios_system:u0|nios_system_nios2_qsys_0:nios2_qsys_0|E_new_inst                                                                                                                                                                                                                                                                                                                                               ; 42      ;
; nios_system:u0|nios_system_nios2_qsys_0:nios2_qsys_0|D_iw[4]                                                                                                                                                                                                                                                                                                                                                  ; 40      ;
; nios_system:u0|nios_system_nios2_qsys_0:nios2_qsys_0|nios_system_nios2_qsys_0_nios2_oci:the_nios_system_nios2_qsys_0_nios2_oci|nios_system_nios2_qsys_0_jtag_debug_module_wrapper:the_nios_system_nios2_qsys_0_jtag_debug_module_wrapper|nios_system_nios2_qsys_0_jtag_debug_module_sysclk:the_nios_system_nios2_qsys_0_jtag_debug_module_sysclk|update_jdo_strobe                                            ; 39      ;
; nios_system:u0|nios_system_nios2_qsys_0:nios2_qsys_0|nios_system_nios2_qsys_0_nios2_oci:the_nios_system_nios2_qsys_0_nios2_oci|nios_system_nios2_qsys_0_jtag_debug_module_wrapper:the_nios_system_nios2_qsys_0_jtag_debug_module_wrapper|sld_virtual_jtag_basic:nios_system_nios2_qsys_0_jtag_debug_module_phy|virtual_state_sdr~0                                                                            ; 39      ;
; nios_system:u0|nios_system_nios2_qsys_0:nios2_qsys_0|nios_system_nios2_qsys_0_nios2_oci:the_nios_system_nios2_qsys_0_nios2_oci|address[8]                                                                                                                                                                                                                                                                     ; 36      ;
; nios_system:u0|nios_system_nios2_qsys_0:nios2_qsys_0|nios_system_nios2_qsys_0_nios2_oci:the_nios_system_nios2_qsys_0_nios2_oci|nios_system_nios2_qsys_0_jtag_debug_module_wrapper:the_nios_system_nios2_qsys_0_jtag_debug_module_wrapper|nios_system_nios2_qsys_0_jtag_debug_module_sysclk:the_nios_system_nios2_qsys_0_jtag_debug_module_sysclk|take_action_ocimem_b                                         ; 36      ;
; nios_system:u0|nios_system_nios2_qsys_0:nios2_qsys_0|R_ctrl_ld                                                                                                                                                                                                                                                                                                                                                ; 35      ;
; nios_system:u0|altera_merlin_slave_translator:nios2_qsys_0_jtag_debug_module_translator|read_latency_shift_reg[0]                                                                                                                                                                                                                                                                                             ; 35      ;
; nios_system:u0|nios_system_nios2_qsys_0:nios2_qsys_0|W_alu_result[25]~16                                                                                                                                                                                                                                                                                                                                      ; 34      ;
; nios_system:u0|nios_system_nios2_qsys_0:nios2_qsys_0|F_valid~0                                                                                                                                                                                                                                                                                                                                                ; 34      ;
; sld_hub:auto_hub|sld_jtag_hub:\jtag_hub_gen:sld_jtag_hub_inst|virtual_ir_scan_reg                                                                                                                                                                                                                                                                                                                             ; 33      ;
; nios_system:u0|nios_system_nios2_qsys_0:nios2_qsys_0|nios_system_nios2_qsys_0_nios2_oci:the_nios_system_nios2_qsys_0_nios2_oci|nios_system_nios2_qsys_0_nios2_avalon_reg:the_nios_system_nios2_qsys_0_nios2_avalon_reg|Equal1~0                                                                                                                                                                               ; 33      ;
; nios_system:u0|nios_system_nios2_qsys_0:nios2_qsys_0|R_logic_op[0]                                                                                                                                                                                                                                                                                                                                            ; 33      ;
; nios_system:u0|nios_system_nios2_qsys_0:nios2_qsys_0|R_logic_op[1]                                                                                                                                                                                                                                                                                                                                            ; 33      ;
; nios_system:u0|nios_system_nios2_qsys_0:nios2_qsys_0|av_ld_aligning_data                                                                                                                                                                                                                                                                                                                                      ; 33      ;
; nios_system:u0|nios_system_cmd_xbar_demux:rsp_xbar_demux|src1_valid                                                                                                                                                                                                                                                                                                                                           ; 33      ;
; nios_system:u0|nios_system_onchip_memory2_0:onchip_memory2_0|altsyncram:the_altsyncram|altsyncram_8391:auto_generated|altsyncram:ram_block1a0|altsyncram_rau2:auto_generated|address_reg_a[2]                                                                                                                                                                                                                 ; 33      ;
; nios_system:u0|nios_system_cmd_xbar_demux:rsp_xbar_demux_001|src0_valid                                                                                                                                                                                                                                                                                                                                       ; 33      ;
; nios_system:u0|nios_system_nios2_qsys_0:nios2_qsys_0|nios_system_nios2_qsys_0_nios2_oci:the_nios_system_nios2_qsys_0_nios2_oci|nios_system_nios2_qsys_0_nios2_ocimem:the_nios_system_nios2_qsys_0_nios2_ocimem|jtag_ram_rd_d1                                                                                                                                                                                 ; 33      ;
; nios_system:u0|nios_system_nios2_qsys_0:nios2_qsys_0|av_ld_rshift8~1                                                                                                                                                                                                                                                                                                                                          ; 32      ;
; nios_system:u0|nios_system_nios2_qsys_0:nios2_qsys_0|R_ctrl_shift_rot_right                                                                                                                                                                                                                                                                                                                                   ; 32      ;
; nios_system:u0|nios_system_nios2_qsys_0:nios2_qsys_0|R_src1~37                                                                                                                                                                                                                                                                                                                                                ; 32      ;
; nios_system:u0|nios_system_nios2_qsys_0:nios2_qsys_0|R_src2_use_imm                                                                                                                                                                                                                                                                                                                                           ; 32      ;
; nios_system:u0|nios_system_nios2_qsys_0:nios2_qsys_0|D_iw[1]~0                                                                                                                                                                                                                                                                                                                                                ; 32      ;
; nios_system:u0|nios_system_onchip_memory2_0:onchip_memory2_0|altsyncram:the_altsyncram|altsyncram_8391:auto_generated|altsyncram:ram_block1a0|altsyncram_rau2:auto_generated|mux_4kb:mux2|result_node[16]~0                                                                                                                                                                                                   ; 32      ;
; nios_system:u0|altera_avalon_sc_fifo:nios2_qsys_0_jtag_debug_module_translator_avalon_universal_slave_0_agent_rsp_fifo|mem[0][73]                                                                                                                                                                                                                                                                             ; 32      ;
; nios_system:u0|nios_system_nios2_qsys_0:nios2_qsys_0|nios_system_nios2_qsys_0_nios2_oci:the_nios_system_nios2_qsys_0_nios2_oci|nios_system_nios2_qsys_0_jtag_debug_module_wrapper:the_nios_system_nios2_qsys_0_jtag_debug_module_wrapper|nios_system_nios2_qsys_0_jtag_debug_module_sysclk:the_nios_system_nios2_qsys_0_jtag_debug_module_sysclk|jdo[36]                                                      ; 32      ;
; nios_system:u0|nios_system_nios2_qsys_0:nios2_qsys_0|nios_system_nios2_qsys_0_nios2_oci:the_nios_system_nios2_qsys_0_nios2_oci|nios_system_nios2_qsys_0_jtag_debug_module_wrapper:the_nios_system_nios2_qsys_0_jtag_debug_module_wrapper|nios_system_nios2_qsys_0_jtag_debug_module_sysclk:the_nios_system_nios2_qsys_0_jtag_debug_module_sysclk|jdo[37]                                                      ; 32      ;
; nios_system:u0|nios_system_nios2_qsys_0:nios2_qsys_0|nios_system_nios2_qsys_0_nios2_oci:the_nios_system_nios2_qsys_0_nios2_oci|nios_system_nios2_qsys_0_nios2_avalon_reg:the_nios_system_nios2_qsys_0_nios2_avalon_reg|oci_ienable[18]                                                                                                                                                                        ; 31      ;
; nios_system:u0|nios_system_nios2_qsys_0:nios2_qsys_0|nios_system_nios2_qsys_0_nios2_oci:the_nios_system_nios2_qsys_0_nios2_oci|nios_system_nios2_qsys_0_nios2_ocimem:the_nios_system_nios2_qsys_0_nios2_ocimem|MonDReg[0]~7                                                                                                                                                                                   ; 31      ;
; nios_system:u0|altera_merlin_slave_translator:jtag_uart_0_avalon_jtag_slave_translator|read_latency_shift_reg[0]                                                                                                                                                                                                                                                                                              ; 28      ;
; nios_system:u0|nios_system_nios2_qsys_0:nios2_qsys_0|E_valid                                                                                                                                                                                                                                                                                                                                                  ; 28      ;
; sld_hub:auto_hub|sld_jtag_hub:\jtag_hub_gen:sld_jtag_hub_inst|irf_reg[1][0]                                                                                                                                                                                                                                                                                                                                   ; 26      ;
; nios_system:u0|nios_system_cmd_xbar_mux:cmd_xbar_mux_001|src_data[46]                                                                                                                                                                                                                                                                                                                                         ; 24      ;
; nios_system:u0|nios_system_cmd_xbar_mux:cmd_xbar_mux_001|src_data[45]                                                                                                                                                                                                                                                                                                                                         ; 24      ;
; nios_system:u0|nios_system_cmd_xbar_mux:cmd_xbar_mux_001|src_data[44]                                                                                                                                                                                                                                                                                                                                         ; 24      ;
; nios_system:u0|nios_system_cmd_xbar_mux:cmd_xbar_mux_001|src_data[43]                                                                                                                                                                                                                                                                                                                                         ; 24      ;
; nios_system:u0|nios_system_cmd_xbar_mux:cmd_xbar_mux_001|src_data[42]                                                                                                                                                                                                                                                                                                                                         ; 24      ;
; nios_system:u0|nios_system_cmd_xbar_mux:cmd_xbar_mux_001|src_data[41]                                                                                                                                                                                                                                                                                                                                         ; 24      ;
; nios_system:u0|nios_system_cmd_xbar_mux:cmd_xbar_mux_001|src_data[40]                                                                                                                                                                                                                                                                                                                                         ; 24      ;
; nios_system:u0|nios_system_cmd_xbar_mux:cmd_xbar_mux_001|src_data[39]                                                                                                                                                                                                                                                                                                                                         ; 24      ;
; nios_system:u0|nios_system_cmd_xbar_mux:cmd_xbar_mux_001|src_data[38]                                                                                                                                                                                                                                                                                                                                         ; 24      ;
; nios_system:u0|nios_system_nios2_qsys_0:nios2_qsys_0|D_iw[15]                                                                                                                                                                                                                                                                                                                                                 ; 24      ;
; nios_system:u0|nios_system_nios2_qsys_0:nios2_qsys_0|D_iw[14]                                                                                                                                                                                                                                                                                                                                                 ; 24      ;
; nios_system:u0|nios_system_nios2_qsys_0:nios2_qsys_0|D_iw[2]                                                                                                                                                                                                                                                                                                                                                  ; 24      ;
; sld_hub:auto_hub|sld_jtag_hub:\jtag_hub_gen:sld_jtag_hub_inst|hub_mode_reg[1]                                                                                                                                                                                                                                                                                                                                 ; 23      ;
; altera_internal_jtag~TMSUTAP                                                                                                                                                                                                                                                                                                                                                                                  ; 22      ;
; nios_system:u0|altera_merlin_slave_translator:onchip_memory2_0_s1_translator|read_latency_shift_reg[0]                                                                                                                                                                                                                                                                                                        ; 22      ;
; nios_system:u0|nios_system_cmd_xbar_mux:cmd_xbar_mux_001|saved_grant[0]                                                                                                                                                                                                                                                                                                                                       ; 21      ;
; nios_system:u0|nios_system_jtag_uart_0:jtag_uart_0|alt_jtag_atlantic:nios_system_jtag_uart_0_alt_jtag_atlantic|td_shift[0]~4                                                                                                                                                                                                                                                                                  ; 21      ;
; nios_system:u0|nios_system_nios2_qsys_0:nios2_qsys_0|W_alu_result[25]~17                                                                                                                                                                                                                                                                                                                                      ; 20      ;
; nios_system:u0|nios_system_nios2_qsys_0:nios2_qsys_0|D_iw[3]                                                                                                                                                                                                                                                                                                                                                  ; 20      ;
; altera_internal_jtag~TDIUTAP                                                                                                                                                                                                                                                                                                                                                                                  ; 19      ;
; nios_system:u0|nios_system_nios2_qsys_0:nios2_qsys_0|R_ctrl_jmp_direct                                                                                                                                                                                                                                                                                                                                        ; 19      ;
; nios_system:u0|nios_system_nios2_qsys_0:nios2_qsys_0|R_ctrl_shift_rot                                                                                                                                                                                                                                                                                                                                         ; 19      ;
; nios_system:u0|altera_avalon_sc_fifo:onchip_memory2_0_s1_translator_avalon_universal_slave_0_agent_rsp_fifo|mem[0][73]                                                                                                                                                                                                                                                                                        ; 19      ;
; nios_system:u0|nios_system_nios2_qsys_0:nios2_qsys_0|D_iw[1]                                                                                                                                                                                                                                                                                                                                                  ; 19      ;
; nios_system:u0|nios_system_nios2_qsys_0:nios2_qsys_0|D_iw[21]                                                                                                                                                                                                                                                                                                                                                 ; 18      ;
; nios_system:u0|nios_system_nios2_qsys_0:nios2_qsys_0|nios_system_nios2_qsys_0_nios2_oci:the_nios_system_nios2_qsys_0_nios2_oci|nios_system_nios2_qsys_0_jtag_debug_module_wrapper:the_nios_system_nios2_qsys_0_jtag_debug_module_wrapper|nios_system_nios2_qsys_0_jtag_debug_module_tck:the_nios_system_nios2_qsys_0_jtag_debug_module_tck|sr[34]~29                                                          ; 18      ;
; nios_system:u0|nios_system_nios2_qsys_0:nios2_qsys_0|R_ctrl_logic                                                                                                                                                                                                                                                                                                                                             ; 18      ;
; nios_system:u0|nios_system_nios2_qsys_0:nios2_qsys_0|E_alu_sub                                                                                                                                                                                                                                                                                                                                                ; 18      ;
; nios_system:u0|nios_system_cmd_xbar_mux:cmd_xbar_mux|saved_grant[0]                                                                                                                                                                                                                                                                                                                                           ; 18      ;
; nios_system:u0|nios_system_nios2_qsys_0:nios2_qsys_0|D_iw[13]                                                                                                                                                                                                                                                                                                                                                 ; 18      ;
; nios_system:u0|nios_system_nios2_qsys_0:nios2_qsys_0|D_iw[0]                                                                                                                                                                                                                                                                                                                                                  ; 18      ;
; nios_system:u0|nios_system_nios2_qsys_0:nios2_qsys_0|R_ctrl_hi_imm16                                                                                                                                                                                                                                                                                                                                          ; 17      ;
; nios_system:u0|nios_system_cmd_xbar_demux:rsp_xbar_demux_001|src1_valid                                                                                                                                                                                                                                                                                                                                       ; 17      ;
; nios_system:u0|nios_system_nios2_qsys_0:nios2_qsys_0|W_valid                                                                                                                                                                                                                                                                                                                                                  ; 17      ;
; nios_system:u0|nios_system_nios2_qsys_0:nios2_qsys_0|D_iw[5]                                                                                                                                                                                                                                                                                                                                                  ; 17      ;
; nios_system:u0|nios_system_nios2_qsys_0:nios2_qsys_0|av_fill_bit~1                                                                                                                                                                                                                                                                                                                                            ; 16      ;
; nios_system:u0|nios_system_jtag_uart_0:jtag_uart_0|read_0                                                                                                                                                                                                                                                                                                                                                     ; 16      ;
; nios_system:u0|nios_system_nios2_qsys_0:nios2_qsys_0|R_src2_lo~0                                                                                                                                                                                                                                                                                                                                              ; 16      ;
; nios_system:u0|nios_system_nios2_qsys_0:nios2_qsys_0|nios_system_nios2_qsys_0_nios2_oci:the_nios_system_nios2_qsys_0_nios2_oci|nios_system_nios2_qsys_0_jtag_debug_module_wrapper:the_nios_system_nios2_qsys_0_jtag_debug_module_wrapper|nios_system_nios2_qsys_0_jtag_debug_module_tck:the_nios_system_nios2_qsys_0_jtag_debug_module_tck|sr~31                                                              ; 16      ;
; nios_system:u0|nios_system_nios2_qsys_0:nios2_qsys_0|R_ctrl_br_cmp                                                                                                                                                                                                                                                                                                                                            ; 16      ;
; nios_system:u0|nios_system_jtag_uart_0:jtag_uart_0|fifo_wr                                                                                                                                                                                                                                                                                                                                                    ; 16      ;
; nios_system:u0|nios_system_nios2_qsys_0:nios2_qsys_0|D_iw[12]                                                                                                                                                                                                                                                                                                                                                 ; 16      ;
; nios_system:u0|nios_system_nios2_qsys_0:nios2_qsys_0|D_iw[16]                                                                                                                                                                                                                                                                                                                                                 ; 16      ;
; nios_system:u0|nios_system_nios2_qsys_0:nios2_qsys_0|D_iw[11]                                                                                                                                                                                                                                                                                                                                                 ; 16      ;
; nios_system:u0|nios_system_nios2_qsys_0:nios2_qsys_0|nios_system_nios2_qsys_0_nios2_oci:the_nios_system_nios2_qsys_0_nios2_oci|nios_system_nios2_qsys_0_jtag_debug_module_wrapper:the_nios_system_nios2_qsys_0_jtag_debug_module_wrapper|nios_system_nios2_qsys_0_jtag_debug_module_sysclk:the_nios_system_nios2_qsys_0_jtag_debug_module_sysclk|take_action_ocimem_a~0                                       ; 16      ;
; sld_hub:auto_hub|sld_jtag_hub:\jtag_hub_gen:sld_jtag_hub_inst|irsr_reg[6]                                                                                                                                                                                                                                                                                                                                     ; 15      ;
; nios_system:u0|nios_system_nios2_qsys_0:nios2_qsys_0|R_src2_hi~2                                                                                                                                                                                                                                                                                                                                              ; 15      ;
; nios_system:u0|nios_system_nios2_qsys_0:nios2_qsys_0|R_ctrl_rdctl_inst                                                                                                                                                                                                                                                                                                                                        ; 15      ;
; nios_system:u0|nios_system_nios2_qsys_0:nios2_qsys_0|nios_system_nios2_qsys_0_nios2_oci:the_nios_system_nios2_qsys_0_nios2_oci|nios_system_nios2_qsys_0_jtag_debug_module_wrapper:the_nios_system_nios2_qsys_0_jtag_debug_module_wrapper|nios_system_nios2_qsys_0_jtag_debug_module_sysclk:the_nios_system_nios2_qsys_0_jtag_debug_module_sysclk|jdo[34]                                                      ; 15      ;
; sld_hub:auto_hub|sld_jtag_hub:\jtag_hub_gen:sld_jtag_hub_inst|sld_shadow_jsm:shadow_jsm|state[8]                                                                                                                                                                                                                                                                                                              ; 14      ;
; sld_hub:auto_hub|sld_jtag_hub:\jtag_hub_gen:sld_jtag_hub_inst|irsr_reg[1]                                                                                                                                                                                                                                                                                                                                     ; 14      ;
; sld_hub:auto_hub|sld_jtag_hub:\jtag_hub_gen:sld_jtag_hub_inst|irsr_reg[0]                                                                                                                                                                                                                                                                                                                                     ; 14      ;
; nios_system:u0|nios_system_nios2_qsys_0:nios2_qsys_0|R_src1~36                                                                                                                                                                                                                                                                                                                                                ; 14      ;
; nios_system:u0|nios_system_jtag_uart_0:jtag_uart_0|wr_rfifo                                                                                                                                                                                                                                                                                                                                                   ; 14      ;
; nios_system:u0|nios_system_nios2_qsys_0:nios2_qsys_0|Equal2~2                                                                                                                                                                                                                                                                                                                                                 ; 14      ;
; sld_hub:auto_hub|sld_jtag_hub:\jtag_hub_gen:sld_jtag_hub_inst|irsr_reg[2]                                                                                                                                                                                                                                                                                                                                     ; 13      ;
; nios_system:u0|nios_system_cmd_xbar_mux:cmd_xbar_mux_001|src_data[47]                                                                                                                                                                                                                                                                                                                                         ; 13      ;
; nios_system:u0|nios_system_cmd_xbar_mux:cmd_xbar_mux_001|src_data[48]                                                                                                                                                                                                                                                                                                                                         ; 13      ;
; nios_system:u0|nios_system_cmd_xbar_mux:cmd_xbar_mux_001|src_data[49]                                                                                                                                                                                                                                                                                                                                         ; 13      ;
; nios_system:u0|nios_system_nios2_qsys_0:nios2_qsys_0|F_pc_sel_nxt.10~0                                                                                                                                                                                                                                                                                                                                        ; 13      ;
; nios_system:u0|nios_system_nios2_qsys_0:nios2_qsys_0|nios_system_nios2_qsys_0_nios2_oci:the_nios_system_nios2_qsys_0_nios2_oci|nios_system_nios2_qsys_0_jtag_debug_module_wrapper:the_nios_system_nios2_qsys_0_jtag_debug_module_wrapper|nios_system_nios2_qsys_0_jtag_debug_module_tck:the_nios_system_nios2_qsys_0_jtag_debug_module_tck|sr[3]~13                                                           ; 13      ;
; sld_hub:auto_hub|sld_jtag_hub:\jtag_hub_gen:sld_jtag_hub_inst|irsr_reg[5]                                                                                                                                                                                                                                                                                                                                     ; 12      ;
; sld_hub:auto_hub|sld_jtag_hub:\jtag_hub_gen:sld_jtag_hub_inst|sld_shadow_jsm:shadow_jsm|state[11]                                                                                                                                                                                                                                                                                                             ; 12      ;
; nios_system:u0|nios_system_nios2_qsys_0:nios2_qsys_0|W_status_reg_pie_inst_nxt~0                                                                                                                                                                                                                                                                                                                              ; 11      ;
; nios_system:u0|nios_system_jtag_uart_0:jtag_uart_0|r_val~0                                                                                                                                                                                                                                                                                                                                                    ; 11      ;
; nios_system:u0|nios_system_nios2_qsys_0:nios2_qsys_0|nios_system_nios2_qsys_0_nios2_oci:the_nios_system_nios2_qsys_0_nios2_oci|nios_system_nios2_qsys_0_jtag_debug_module_wrapper:the_nios_system_nios2_qsys_0_jtag_debug_module_wrapper|nios_system_nios2_qsys_0_jtag_debug_module_sysclk:the_nios_system_nios2_qsys_0_jtag_debug_module_sysclk|take_action_ocimem_a~1                                       ; 11      ;
; nios_system:u0|altera_avalon_sc_fifo:nios2_qsys_0_jtag_debug_module_translator_avalon_universal_slave_0_agent_rsp_fifo|mem_used[1]                                                                                                                                                                                                                                                                            ; 11      ;
; nios_system:u0|nios_system_jtag_uart_0:jtag_uart_0|alt_jtag_atlantic:nios_system_jtag_uart_0_alt_jtag_atlantic|count[9]                                                                                                                                                                                                                                                                                       ; 11      ;
; sld_hub:auto_hub|sld_jtag_hub:\jtag_hub_gen:sld_jtag_hub_inst|irf_reg[2][0]                                                                                                                                                                                                                                                                                                                                   ; 10      ;
; sld_hub:auto_hub|sld_jtag_hub:\jtag_hub_gen:sld_jtag_hub_inst|mixer_addr_reg[2]                                                                                                                                                                                                                                                                                                                               ; 10      ;
; sld_hub:auto_hub|sld_jtag_hub:\jtag_hub_gen:sld_jtag_hub_inst|mixer_addr_reg[0]                                                                                                                                                                                                                                                                                                                               ; 10      ;
; sld_hub:auto_hub|sld_jtag_hub:\jtag_hub_gen:sld_jtag_hub_inst|mixer_addr_reg[1]                                                                                                                                                                                                                                                                                                                               ; 10      ;
; nios_system:u0|nios_system_nios2_qsys_0:nios2_qsys_0|Equal133~0                                                                                                                                                                                                                                                                                                                                               ; 10      ;
; nios_system:u0|altera_avalon_sc_fifo:onchip_memory2_0_s1_translator_avalon_universal_slave_0_agent_rsp_fifo|mem_used[1]                                                                                                                                                                                                                                                                                       ; 10      ;
; nios_system:u0|altera_merlin_slave_translator:onchip_memory2_0_s1_translator|waitrequest_reset_override                                                                                                                                                                                                                                                                                                       ; 10      ;
; nios_system:u0|nios_system_nios2_qsys_0:nios2_qsys_0|nios_system_nios2_qsys_0_nios2_oci:the_nios_system_nios2_qsys_0_nios2_oci|nios_system_nios2_qsys_0_nios2_ocimem:the_nios_system_nios2_qsys_0_nios2_ocimem|waitrequest                                                                                                                                                                                    ; 10      ;
; nios_system:u0|altera_reset_controller:rst_controller|r_sync_rst_dly                                                                                                                                                                                                                                                                                                                                          ; 10      ;
; nios_system:u0|nios_system_nios2_qsys_0:nios2_qsys_0|R_ctrl_break                                                                                                                                                                                                                                                                                                                                             ; 10      ;
; sld_hub:auto_hub|sld_jtag_hub:\jtag_hub_gen:sld_jtag_hub_inst|mixer_addr_reg[4]                                                                                                                                                                                                                                                                                                                               ; 9       ;
; ~GND                                                                                                                                                                                                                                                                                                                                                                                                          ; 9       ;
; nios_system:u0|nios_system_nios2_qsys_0:nios2_qsys_0|av_fill_bit~0                                                                                                                                                                                                                                                                                                                                            ; 9       ;
; nios_system:u0|nios_system_nios2_qsys_0:nios2_qsys_0|R_ctrl_ld_signed                                                                                                                                                                                                                                                                                                                                         ; 9       ;
; nios_system:u0|nios_system_nios2_qsys_0:nios2_qsys_0|D_iw[7]                                                                                                                                                                                                                                                                                                                                                  ; 9       ;
; nios_system:u0|nios_system_nios2_qsys_0:nios2_qsys_0|R_ctrl_exception                                                                                                                                                                                                                                                                                                                                         ; 9       ;
; nios_system:u0|nios_system_jtag_uart_0:jtag_uart_0|alt_jtag_atlantic:nios_system_jtag_uart_0_alt_jtag_atlantic|r_ena~0                                                                                                                                                                                                                                                                                        ; 9       ;
; nios_system:u0|nios_system_nios2_qsys_0:nios2_qsys_0|Equal2~3                                                                                                                                                                                                                                                                                                                                                 ; 9       ;
; nios_system:u0|nios_system_nios2_qsys_0:nios2_qsys_0|hbreak_enabled                                                                                                                                                                                                                                                                                                                                           ; 9       ;
; nios_system:u0|nios_system_jtag_uart_0:jtag_uart_0|alt_jtag_atlantic:nios_system_jtag_uart_0_alt_jtag_atlantic|state                                                                                                                                                                                                                                                                                          ; 9       ;
; sld_hub:auto_hub|sld_jtag_hub:\jtag_hub_gen:sld_jtag_hub_inst|irsr_reg[4]                                                                                                                                                                                                                                                                                                                                     ; 8       ;
; sld_hub:auto_hub|sld_jtag_hub:\jtag_hub_gen:sld_jtag_hub_inst|node_ena[1]~reg0                                                                                                                                                                                                                                                                                                                                ; 8       ;
; sld_hub:auto_hub|sld_jtag_hub:\jtag_hub_gen:sld_jtag_hub_inst|sld_rom_sr:hub_info_reg|word_counter[2]                                                                                                                                                                                                                                                                                                         ; 8       ;
; sld_hub:auto_hub|sld_jtag_hub:\jtag_hub_gen:sld_jtag_hub_inst|mixer_addr_reg[3]                                                                                                                                                                                                                                                                                                                               ; 8       ;
; nios_system:u0|nios_system_nios2_qsys_0:nios2_qsys_0|av_ld_byte1_data_en~0                                                                                                                                                                                                                                                                                                                                    ; 8       ;
; nios_system:u0|nios_system_jtag_uart_0:jtag_uart_0|alt_jtag_atlantic:nios_system_jtag_uart_0_alt_jtag_atlantic|write~0                                                                                                                                                                                                                                                                                        ; 8       ;
; nios_system:u0|nios_system_nios2_qsys_0:nios2_qsys_0|av_ld_byte0_data[7]~0                                                                                                                                                                                                                                                                                                                                    ; 8       ;
; nios_system:u0|nios_system_nios2_qsys_0:nios2_qsys_0|av_ld_rshift8~0                                                                                                                                                                                                                                                                                                                                          ; 8       ;
; nios_system:u0|nios_system_nios2_qsys_0:nios2_qsys_0|D_iw[6]                                                                                                                                                                                                                                                                                                                                                  ; 8       ;
; nios_system:u0|nios_system_nios2_qsys_0:nios2_qsys_0|D_iw[8]                                                                                                                                                                                                                                                                                                                                                  ; 8       ;
; nios_system:u0|nios_system_nios2_qsys_0:nios2_qsys_0|E_src1[0]                                                                                                                                                                                                                                                                                                                                                ; 8       ;
; nios_system:u0|nios_system_jtag_uart_0:jtag_uart_0|fifo_rd~1                                                                                                                                                                                                                                                                                                                                                  ; 8       ;
; nios_system:u0|nios_system_jtag_uart_0:jtag_uart_0|nios_system_jtag_uart_0_scfifo_r:the_nios_system_jtag_uart_0_scfifo_r|scfifo:rfifo|scfifo_1n21:auto_generated|a_dpfifo_8t21:dpfifo|a_fefifo_7cf:fifo_state|b_non_empty                                                                                                                                                                                     ; 8       ;
; nios_system:u0|nios_system_jtag_uart_0:jtag_uart_0|av_waitrequest                                                                                                                                                                                                                                                                                                                                             ; 8       ;
; nios_system:u0|nios_system_nios2_qsys_0:nios2_qsys_0|d_read                                                                                                                                                                                                                                                                                                                                                   ; 8       ;
; nios_system:u0|nios_system_nios2_qsys_0:nios2_qsys_0|nios_system_nios2_qsys_0_test_bench:the_nios_system_nios2_qsys_0_test_bench|d_write                                                                                                                                                                                                                                                                      ; 8       ;
; nios_system:u0|nios_system_nios2_qsys_0:nios2_qsys_0|nios_system_nios2_qsys_0_nios2_oci:the_nios_system_nios2_qsys_0_nios2_oci|write                                                                                                                                                                                                                                                                          ; 8       ;
; sld_hub:auto_hub|sld_jtag_hub:\jtag_hub_gen:sld_jtag_hub_inst|virtual_dr_scan_reg                                                                                                                                                                                                                                                                                                                             ; 7       ;
; sld_hub:auto_hub|sld_jtag_hub:\jtag_hub_gen:sld_jtag_hub_inst|sld_rom_sr:hub_info_reg|word_counter[0]                                                                                                                                                                                                                                                                                                         ; 7       ;
; sld_hub:auto_hub|sld_jtag_hub:\jtag_hub_gen:sld_jtag_hub_inst|sld_rom_sr:hub_info_reg|word_counter[3]                                                                                                                                                                                                                                                                                                         ; 7       ;
; nios_system:u0|nios_system_nios2_qsys_0:nios2_qsys_0|D_ctrl_implicit_dst_retaddr~0                                                                                                                                                                                                                                                                                                                            ; 7       ;
; nios_system:u0|nios_system_jtag_uart_0:jtag_uart_0|nios_system_jtag_uart_0_scfifo_w:the_nios_system_jtag_uart_0_scfifo_w|scfifo:wfifo|scfifo_1n21:auto_generated|a_dpfifo_8t21:dpfifo|a_fefifo_7cf:fifo_state|b_full                                                                                                                                                                                          ; 7       ;
; nios_system:u0|altera_merlin_master_translator:nios2_qsys_0_data_master_translator|uav_read~0                                                                                                                                                                                                                                                                                                                 ; 7       ;
; nios_system:u0|altera_avalon_sc_fifo:jtag_uart_0_avalon_jtag_slave_translator_avalon_universal_slave_0_agent_rsp_fifo|mem_used[1]                                                                                                                                                                                                                                                                             ; 7       ;
; nios_system:u0|nios_system_nios2_qsys_0:nios2_qsys_0|i_read                                                                                                                                                                                                                                                                                                                                                   ; 7       ;
; nios_system:u0|altera_merlin_master_agent:nios2_qsys_0_data_master_translator_avalon_universal_master_0_agent|cp_valid                                                                                                                                                                                                                                                                                        ; 7       ;
; nios_system:u0|altera_merlin_master_translator:nios2_qsys_0_data_master_translator|write_accepted                                                                                                                                                                                                                                                                                                             ; 7       ;
; nios_system:u0|nios_system_jtag_uart_0:jtag_uart_0|nios_system_jtag_uart_0_scfifo_r:the_nios_system_jtag_uart_0_scfifo_r|scfifo:rfifo|scfifo_1n21:auto_generated|a_dpfifo_8t21:dpfifo|a_fefifo_7cf:fifo_state|b_full                                                                                                                                                                                          ; 7       ;
; nios_system:u0|nios_system_nios2_qsys_0:nios2_qsys_0|nios_system_nios2_qsys_0_nios2_oci:the_nios_system_nios2_qsys_0_nios2_oci|nios_system_nios2_qsys_0_nios2_ocimem:the_nios_system_nios2_qsys_0_nios2_ocimem|MonAReg[4]                                                                                                                                                                                     ; 7       ;
; nios_system:u0|nios_system_nios2_qsys_0:nios2_qsys_0|nios_system_nios2_qsys_0_nios2_oci:the_nios_system_nios2_qsys_0_nios2_oci|nios_system_nios2_qsys_0_nios2_ocimem:the_nios_system_nios2_qsys_0_nios2_ocimem|MonAReg[3]                                                                                                                                                                                     ; 7       ;
; nios_system:u0|nios_system_nios2_qsys_0:nios2_qsys_0|nios_system_nios2_qsys_0_nios2_oci:the_nios_system_nios2_qsys_0_nios2_oci|nios_system_nios2_qsys_0_nios2_ocimem:the_nios_system_nios2_qsys_0_nios2_ocimem|MonAReg[2]                                                                                                                                                                                     ; 7       ;
; nios_system:u0|nios_system_nios2_qsys_0:nios2_qsys_0|nios_system_nios2_qsys_0_nios2_oci:the_nios_system_nios2_qsys_0_nios2_oci|nios_system_nios2_qsys_0_jtag_debug_module_wrapper:the_nios_system_nios2_qsys_0_jtag_debug_module_wrapper|sld_virtual_jtag_basic:nios_system_nios2_qsys_0_jtag_debug_module_phy|virtual_state_cdr                                                                              ; 7       ;
; sld_hub:auto_hub|sld_jtag_hub:\jtag_hub_gen:sld_jtag_hub_inst|sld_rom_sr:hub_info_reg|word_counter[4]                                                                                                                                                                                                                                                                                                         ; 6       ;
; sld_hub:auto_hub|sld_jtag_hub:\jtag_hub_gen:sld_jtag_hub_inst|irsr_reg[3]                                                                                                                                                                                                                                                                                                                                     ; 6       ;
; nios_system:u0|nios_system_jtag_uart_0:jtag_uart_0|nios_system_jtag_uart_0_scfifo_r:the_nios_system_jtag_uart_0_scfifo_r|scfifo:rfifo|scfifo_1n21:auto_generated|a_dpfifo_8t21:dpfifo|a_fefifo_7cf:fifo_state|_~4                                                                                                                                                                                             ; 6       ;
; nios_system:u0|nios_system_cmd_xbar_mux:cmd_xbar_mux_001|src_payload~31                                                                                                                                                                                                                                                                                                                                       ; 6       ;
; nios_system:u0|nios_system_cmd_xbar_mux:cmd_xbar_mux_001|src_payload~30                                                                                                                                                                                                                                                                                                                                       ; 6       ;
; nios_system:u0|nios_system_cmd_xbar_mux:cmd_xbar_mux_001|src_payload~29                                                                                                                                                                                                                                                                                                                                       ; 6       ;
; nios_system:u0|nios_system_cmd_xbar_mux:cmd_xbar_mux_001|src_payload~28                                                                                                                                                                                                                                                                                                                                       ; 6       ;
; nios_system:u0|nios_system_cmd_xbar_mux:cmd_xbar_mux_001|src_payload~27                                                                                                                                                                                                                                                                                                                                       ; 6       ;
; nios_system:u0|nios_system_cmd_xbar_mux:cmd_xbar_mux_001|src_payload~26                                                                                                                                                                                                                                                                                                                                       ; 6       ;
; nios_system:u0|nios_system_cmd_xbar_mux:cmd_xbar_mux_001|src_payload~25                                                                                                                                                                                                                                                                                                                                       ; 6       ;
; nios_system:u0|nios_system_cmd_xbar_mux:cmd_xbar_mux_001|src_data[35]                                                                                                                                                                                                                                                                                                                                         ; 6       ;
; nios_system:u0|nios_system_cmd_xbar_mux:cmd_xbar_mux_001|src_payload~24                                                                                                                                                                                                                                                                                                                                       ; 6       ;
; nios_system:u0|nios_system_cmd_xbar_mux:cmd_xbar_mux_001|src_payload~23                                                                                                                                                                                                                                                                                                                                       ; 6       ;
; nios_system:u0|nios_system_cmd_xbar_mux:cmd_xbar_mux_001|src_payload~22                                                                                                                                                                                                                                                                                                                                       ; 6       ;
; nios_system:u0|nios_system_cmd_xbar_mux:cmd_xbar_mux_001|src_payload~21                                                                                                                                                                                                                                                                                                                                       ; 6       ;
; nios_system:u0|nios_system_cmd_xbar_mux:cmd_xbar_mux_001|src_payload~20                                                                                                                                                                                                                                                                                                                                       ; 6       ;
; nios_system:u0|nios_system_cmd_xbar_mux:cmd_xbar_mux_001|src_payload~19                                                                                                                                                                                                                                                                                                                                       ; 6       ;
; nios_system:u0|nios_system_cmd_xbar_mux:cmd_xbar_mux_001|src_payload~18                                                                                                                                                                                                                                                                                                                                       ; 6       ;
; nios_system:u0|nios_system_cmd_xbar_mux:cmd_xbar_mux_001|src_payload~17                                                                                                                                                                                                                                                                                                                                       ; 6       ;
; nios_system:u0|nios_system_cmd_xbar_mux:cmd_xbar_mux_001|src_payload~16                                                                                                                                                                                                                                                                                                                                       ; 6       ;
; nios_system:u0|nios_system_cmd_xbar_mux:cmd_xbar_mux_001|src_payload~15                                                                                                                                                                                                                                                                                                                                       ; 6       ;
; nios_system:u0|nios_system_cmd_xbar_mux:cmd_xbar_mux_001|src_payload~14                                                                                                                                                                                                                                                                                                                                       ; 6       ;
; nios_system:u0|nios_system_cmd_xbar_mux:cmd_xbar_mux_001|src_payload~13                                                                                                                                                                                                                                                                                                                                       ; 6       ;
; nios_system:u0|nios_system_cmd_xbar_mux:cmd_xbar_mux_001|src_payload~12                                                                                                                                                                                                                                                                                                                                       ; 6       ;
; nios_system:u0|nios_system_nios2_qsys_0:nios2_qsys_0|D_ctrl_implicit_dst_eretaddr~1                                                                                                                                                                                                                                                                                                                           ; 6       ;
; nios_system:u0|nios_system_nios2_qsys_0:nios2_qsys_0|D_ctrl_exception~6                                                                                                                                                                                                                                                                                                                                       ; 6       ;
; nios_system:u0|nios_system_nios2_qsys_0:nios2_qsys_0|D_ctrl_b_is_dst~1                                                                                                                                                                                                                                                                                                                                        ; 6       ;
; nios_system:u0|nios_system_jtag_uart_0:jtag_uart_0|nios_system_jtag_uart_0_scfifo_w:the_nios_system_jtag_uart_0_scfifo_w|scfifo:wfifo|scfifo_1n21:auto_generated|a_dpfifo_8t21:dpfifo|a_fefifo_7cf:fifo_state|_~0                                                                                                                                                                                             ; 6       ;
; nios_system:u0|nios_system_nios2_qsys_0:nios2_qsys_0|D_ctrl_crst~0                                                                                                                                                                                                                                                                                                                                            ; 6       ;
; nios_system:u0|nios_system_nios2_qsys_0:nios2_qsys_0|D_ctrl_shift_logical~0                                                                                                                                                                                                                                                                                                                                   ; 6       ;
; nios_system:u0|nios_system_cmd_xbar_mux:cmd_xbar_mux_001|src_payload~11                                                                                                                                                                                                                                                                                                                                       ; 6       ;
; nios_system:u0|nios_system_cmd_xbar_mux:cmd_xbar_mux_001|src_payload~10                                                                                                                                                                                                                                                                                                                                       ; 6       ;
; nios_system:u0|nios_system_cmd_xbar_mux:cmd_xbar_mux_001|src_payload~9                                                                                                                                                                                                                                                                                                                                        ; 6       ;
; nios_system:u0|nios_system_cmd_xbar_mux:cmd_xbar_mux_001|src_payload~8                                                                                                                                                                                                                                                                                                                                        ; 6       ;
; nios_system:u0|nios_system_cmd_xbar_mux:cmd_xbar_mux_001|src_payload~7                                                                                                                                                                                                                                                                                                                                        ; 6       ;
; nios_system:u0|nios_system_cmd_xbar_mux:cmd_xbar_mux_001|src_payload~6                                                                                                                                                                                                                                                                                                                                        ; 6       ;
; nios_system:u0|nios_system_cmd_xbar_mux:cmd_xbar_mux_001|src_payload~5                                                                                                                                                                                                                                                                                                                                        ; 6       ;
; nios_system:u0|nios_system_cmd_xbar_mux:cmd_xbar_mux_001|src_payload~4                                                                                                                                                                                                                                                                                                                                        ; 6       ;
; nios_system:u0|nios_system_cmd_xbar_mux:cmd_xbar_mux_001|src_payload~3                                                                                                                                                                                                                                                                                                                                        ; 6       ;
; nios_system:u0|nios_system_cmd_xbar_mux:cmd_xbar_mux_001|src_data[32]                                                                                                                                                                                                                                                                                                                                         ; 6       ;
; nios_system:u0|nios_system_cmd_xbar_mux:cmd_xbar_mux_001|src_payload~2                                                                                                                                                                                                                                                                                                                                        ; 6       ;
; nios_system:u0|nios_system_cmd_xbar_mux:cmd_xbar_mux_001|src_data[34]                                                                                                                                                                                                                                                                                                                                         ; 6       ;
; nios_system:u0|nios_system_cmd_xbar_mux:cmd_xbar_mux_001|src_payload~1                                                                                                                                                                                                                                                                                                                                        ; 6       ;
; nios_system:u0|nios_system_cmd_xbar_mux:cmd_xbar_mux_001|src_data[33]                                                                                                                                                                                                                                                                                                                                         ; 6       ;
; nios_system:u0|nios_system_cmd_xbar_mux:cmd_xbar_mux_001|src_payload~0                                                                                                                                                                                                                                                                                                                                        ; 6       ;
; nios_system:u0|nios_system_onchip_memory2_0:onchip_memory2_0|wren~0                                                                                                                                                                                                                                                                                                                                           ; 6       ;
; nios_system:u0|nios_system_jtag_uart_0:jtag_uart_0|alt_jtag_atlantic:nios_system_jtag_uart_0_alt_jtag_atlantic|t_ena~reg0                                                                                                                                                                                                                                                                                     ; 6       ;
; nios_system:u0|nios_system_addr_router_001:addr_router_001|Equal2~3                                                                                                                                                                                                                                                                                                                                           ; 6       ;
; nios_system:u0|nios_system_nios2_qsys_0:nios2_qsys_0|R_valid                                                                                                                                                                                                                                                                                                                                                  ; 6       ;
; nios_system:u0|nios_system_jtag_uart_0:jtag_uart_0|nios_system_jtag_uart_0_scfifo_r:the_nios_system_jtag_uart_0_scfifo_r|scfifo:rfifo|scfifo_1n21:auto_generated|a_dpfifo_8t21:dpfifo|a_fefifo_7cf:fifo_state|cntr_rj7:count_usedw|safe_q[0]                                                                                                                                                                  ; 6       ;
; nios_system:u0|nios_system_nios2_qsys_0:nios2_qsys_0|W_alu_result[2]                                                                                                                                                                                                                                                                                                                                          ; 6       ;
; nios_system:u0|nios_system_nios2_qsys_0:nios2_qsys_0|F_pc[10]                                                                                                                                                                                                                                                                                                                                                 ; 6       ;
; nios_system:u0|nios_system_nios2_qsys_0:nios2_qsys_0|W_alu_result[12]                                                                                                                                                                                                                                                                                                                                         ; 6       ;
; nios_system:u0|nios_system_nios2_qsys_0:nios2_qsys_0|W_alu_result[11]                                                                                                                                                                                                                                                                                                                                         ; 6       ;
; sld_hub:auto_hub|sld_jtag_hub:\jtag_hub_gen:sld_jtag_hub_inst|sld_rom_sr:hub_info_reg|word_counter[4]~23                                                                                                                                                                                                                                                                                                      ; 5       ;
; sld_hub:auto_hub|sld_jtag_hub:\jtag_hub_gen:sld_jtag_hub_inst|sld_rom_sr:hub_info_reg|word_counter[4]~22                                                                                                                                                                                                                                                                                                      ; 5       ;
; sld_hub:auto_hub|sld_jtag_hub:\jtag_hub_gen:sld_jtag_hub_inst|mixer_addr_reg[0]~19                                                                                                                                                                                                                                                                                                                            ; 5       ;
; sld_hub:auto_hub|sld_jtag_hub:\jtag_hub_gen:sld_jtag_hub_inst|irsr_reg[2]~17                                                                                                                                                                                                                                                                                                                                  ; 5       ;
; sld_hub:auto_hub|sld_jtag_hub:\jtag_hub_gen:sld_jtag_hub_inst|mixer_addr_reg[0]~18                                                                                                                                                                                                                                                                                                                            ; 5       ;
; sld_hub:auto_hub|sld_jtag_hub:\jtag_hub_gen:sld_jtag_hub_inst|shadow_irf_reg[2][0]~9                                                                                                                                                                                                                                                                                                                          ; 5       ;
; sld_hub:auto_hub|sld_jtag_hub:\jtag_hub_gen:sld_jtag_hub_inst|shadow_irf_reg[1][0]~2                                                                                                                                                                                                                                                                                                                          ; 5       ;
; sld_hub:auto_hub|sld_jtag_hub:\jtag_hub_gen:sld_jtag_hub_inst|sld_rom_sr:hub_info_reg|clear_signal                                                                                                                                                                                                                                                                                                            ; 5       ;
; sld_hub:auto_hub|sld_jtag_hub:\jtag_hub_gen:sld_jtag_hub_inst|irsr_reg[3]~2                                                                                                                                                                                                                                                                                                                                   ; 5       ;
; sld_hub:auto_hub|sld_jtag_hub:\jtag_hub_gen:sld_jtag_hub_inst|irf_reg[2][0]~12                                                                                                                                                                                                                                                                                                                                ; 5       ;
; sld_hub:auto_hub|sld_jtag_hub:\jtag_hub_gen:sld_jtag_hub_inst|irf_reg[1][0]~5                                                                                                                                                                                                                                                                                                                                 ; 5       ;
; sld_hub:auto_hub|sld_jtag_hub:\jtag_hub_gen:sld_jtag_hub_inst|irf_proc~0                                                                                                                                                                                                                                                                                                                                      ; 5       ;
; sld_hub:auto_hub|sld_jtag_hub:\jtag_hub_gen:sld_jtag_hub_inst|hub_info_reg_ena~0                                                                                                                                                                                                                                                                                                                              ; 5       ;
; sld_hub:auto_hub|sld_jtag_hub:\jtag_hub_gen:sld_jtag_hub_inst|sld_rom_sr:hub_info_reg|word_counter[1]                                                                                                                                                                                                                                                                                                         ; 5       ;
; nios_system:u0|nios_system_nios2_qsys_0:nios2_qsys_0|E_arith_result[0]~5                                                                                                                                                                                                                                                                                                                                      ; 5       ;
; nios_system:u0|nios_system_nios2_qsys_0:nios2_qsys_0|E_arith_result[1]~4                                                                                                                                                                                                                                                                                                                                      ; 5       ;
; nios_system:u0|nios_system_nios2_qsys_0:nios2_qsys_0|F_pc_sel_nxt~0                                                                                                                                                                                                                                                                                                                                           ; 5       ;
; nios_system:u0|nios_system_jtag_uart_0:jtag_uart_0|av_waitrequest~0                                                                                                                                                                                                                                                                                                                                           ; 5       ;
; nios_system:u0|nios_system_cmd_xbar_demux_001:cmd_xbar_demux_001|sink_ready~2                                                                                                                                                                                                                                                                                                                                 ; 5       ;
; nios_system:u0|nios_system_nios2_qsys_0:nios2_qsys_0|W_status_reg_pie                                                                                                                                                                                                                                                                                                                                         ; 5       ;
; nios_system:u0|nios_system_nios2_qsys_0:nios2_qsys_0|hbreak_req~0                                                                                                                                                                                                                                                                                                                                             ; 5       ;
; nios_system:u0|nios_system_nios2_qsys_0:nios2_qsys_0|nios_system_nios2_qsys_0_nios2_oci:the_nios_system_nios2_qsys_0_nios2_oci|nios_system_nios2_qsys_0_jtag_debug_module_wrapper:the_nios_system_nios2_qsys_0_jtag_debug_module_wrapper|nios_system_nios2_qsys_0_jtag_debug_module_sysclk:the_nios_system_nios2_qsys_0_jtag_debug_module_sysclk|jdo[17]                                                      ; 5       ;
; nios_system:u0|altera_merlin_master_translator:nios2_qsys_0_instruction_master_translator|read_accepted                                                                                                                                                                                                                                                                                                       ; 5       ;
; nios_system:u0|nios_system_jtag_uart_0:jtag_uart_0|alt_jtag_atlantic:nios_system_jtag_uart_0_alt_jtag_atlantic|write_stalled~1                                                                                                                                                                                                                                                                                ; 5       ;
; nios_system:u0|nios_system_nios2_qsys_0:nios2_qsys_0|nios_system_nios2_qsys_0_nios2_oci:the_nios_system_nios2_qsys_0_nios2_oci|nios_system_nios2_qsys_0_nios2_avalon_reg:the_nios_system_nios2_qsys_0_nios2_avalon_reg|Equal0~2                                                                                                                                                                               ; 5       ;
; nios_system:u0|nios_system_jtag_uart_0:jtag_uart_0|alt_jtag_atlantic:nios_system_jtag_uart_0_alt_jtag_atlantic|jupdate~0                                                                                                                                                                                                                                                                                      ; 5       ;
; nios_system:u0|nios_system_jtag_uart_0:jtag_uart_0|alt_jtag_atlantic:nios_system_jtag_uart_0_alt_jtag_atlantic|td_shift~6                                                                                                                                                                                                                                                                                     ; 5       ;
; nios_system:u0|nios_system_jtag_uart_0:jtag_uart_0|nios_system_jtag_uart_0_scfifo_w:the_nios_system_jtag_uart_0_scfifo_w|scfifo:wfifo|scfifo_1n21:auto_generated|a_dpfifo_8t21:dpfifo|a_fefifo_7cf:fifo_state|cntr_rj7:count_usedw|safe_q[0]                                                                                                                                                                  ; 5       ;
; nios_system:u0|nios_system_jtag_uart_0:jtag_uart_0|nios_system_jtag_uart_0_scfifo_w:the_nios_system_jtag_uart_0_scfifo_w|scfifo:wfifo|scfifo_1n21:auto_generated|a_dpfifo_8t21:dpfifo|a_fefifo_7cf:fifo_state|cntr_rj7:count_usedw|safe_q[3]                                                                                                                                                                  ; 5       ;
; nios_system:u0|nios_system_jtag_uart_0:jtag_uart_0|nios_system_jtag_uart_0_scfifo_w:the_nios_system_jtag_uart_0_scfifo_w|scfifo:wfifo|scfifo_1n21:auto_generated|a_dpfifo_8t21:dpfifo|a_fefifo_7cf:fifo_state|cntr_rj7:count_usedw|safe_q[4]                                                                                                                                                                  ; 5       ;
; nios_system:u0|nios_system_jtag_uart_0:jtag_uart_0|nios_system_jtag_uart_0_scfifo_w:the_nios_system_jtag_uart_0_scfifo_w|scfifo:wfifo|scfifo_1n21:auto_generated|a_dpfifo_8t21:dpfifo|a_fefifo_7cf:fifo_state|cntr_rj7:count_usedw|safe_q[5]                                                                                                                                                                  ; 5       ;
; nios_system:u0|nios_system_jtag_uart_0:jtag_uart_0|nios_system_jtag_uart_0_scfifo_w:the_nios_system_jtag_uart_0_scfifo_w|scfifo:wfifo|scfifo_1n21:auto_generated|a_dpfifo_8t21:dpfifo|a_fefifo_7cf:fifo_state|cntr_rj7:count_usedw|safe_q[1]                                                                                                                                                                  ; 5       ;
; nios_system:u0|nios_system_jtag_uart_0:jtag_uart_0|nios_system_jtag_uart_0_scfifo_w:the_nios_system_jtag_uart_0_scfifo_w|scfifo:wfifo|scfifo_1n21:auto_generated|a_dpfifo_8t21:dpfifo|a_fefifo_7cf:fifo_state|cntr_rj7:count_usedw|safe_q[2]                                                                                                                                                                  ; 5       ;
; nios_system:u0|nios_system_jtag_uart_0:jtag_uart_0|nios_system_jtag_uart_0_scfifo_r:the_nios_system_jtag_uart_0_scfifo_r|scfifo:rfifo|scfifo_1n21:auto_generated|a_dpfifo_8t21:dpfifo|a_fefifo_7cf:fifo_state|cntr_rj7:count_usedw|safe_q[1]                                                                                                                                                                  ; 5       ;
; nios_system:u0|nios_system_jtag_uart_0:jtag_uart_0|nios_system_jtag_uart_0_scfifo_r:the_nios_system_jtag_uart_0_scfifo_r|scfifo:rfifo|scfifo_1n21:auto_generated|a_dpfifo_8t21:dpfifo|a_fefifo_7cf:fifo_state|cntr_rj7:count_usedw|safe_q[2]                                                                                                                                                                  ; 5       ;
; nios_system:u0|nios_system_jtag_uart_0:jtag_uart_0|nios_system_jtag_uart_0_scfifo_r:the_nios_system_jtag_uart_0_scfifo_r|scfifo:rfifo|scfifo_1n21:auto_generated|a_dpfifo_8t21:dpfifo|a_fefifo_7cf:fifo_state|cntr_rj7:count_usedw|safe_q[3]                                                                                                                                                                  ; 5       ;
; nios_system:u0|nios_system_jtag_uart_0:jtag_uart_0|nios_system_jtag_uart_0_scfifo_r:the_nios_system_jtag_uart_0_scfifo_r|scfifo:rfifo|scfifo_1n21:auto_generated|a_dpfifo_8t21:dpfifo|a_fefifo_7cf:fifo_state|cntr_rj7:count_usedw|safe_q[4]                                                                                                                                                                  ; 5       ;
; nios_system:u0|nios_system_jtag_uart_0:jtag_uart_0|nios_system_jtag_uart_0_scfifo_r:the_nios_system_jtag_uart_0_scfifo_r|scfifo:rfifo|scfifo_1n21:auto_generated|a_dpfifo_8t21:dpfifo|a_fefifo_7cf:fifo_state|cntr_rj7:count_usedw|safe_q[5]                                                                                                                                                                  ; 5       ;
; nios_system:u0|nios_system_jtag_uart_0:jtag_uart_0|alt_jtag_atlantic:nios_system_jtag_uart_0_alt_jtag_atlantic|td_shift[9]                                                                                                                                                                                                                                                                                    ; 5       ;
; sld_hub:auto_hub|sld_jtag_hub:\jtag_hub_gen:sld_jtag_hub_inst|identity_contrib_shift_reg[0]~4                                                                                                                                                                                                                                                                                                                 ; 4       ;
; sld_hub:auto_hub|sld_jtag_hub:\jtag_hub_gen:sld_jtag_hub_inst|sld_rom_sr:hub_info_reg|WORD_SR[0]~19                                                                                                                                                                                                                                                                                                           ; 4       ;
; sld_hub:auto_hub|sld_jtag_hub:\jtag_hub_gen:sld_jtag_hub_inst|identity_contrib_update_reg[0]~0                                                                                                                                                                                                                                                                                                                ; 4       ;
; sld_hub:auto_hub|sld_jtag_hub:\jtag_hub_gen:sld_jtag_hub_inst|hub_info_reg_ena                                                                                                                                                                                                                                                                                                                                ; 4       ;
; sld_hub:auto_hub|sld_jtag_hub:\jtag_hub_gen:sld_jtag_hub_inst|design_hash_proc~0                                                                                                                                                                                                                                                                                                                              ; 4       ;
; sld_hub:auto_hub|sld_jtag_hub:\jtag_hub_gen:sld_jtag_hub_inst|design_hash_reg[1]~5                                                                                                                                                                                                                                                                                                                            ; 4       ;
; sld_hub:auto_hub|sld_jtag_hub:\jtag_hub_gen:sld_jtag_hub_inst|node_ena_proc~1                                                                                                                                                                                                                                                                                                                                 ; 4       ;
; sld_hub:auto_hub|sld_jtag_hub:\jtag_hub_gen:sld_jtag_hub_inst|node_ena_proc~0                                                                                                                                                                                                                                                                                                                                 ; 4       ;
; sld_hub:auto_hub|sld_jtag_hub:\jtag_hub_gen:sld_jtag_hub_inst|sld_shadow_jsm:shadow_jsm|state[15]                                                                                                                                                                                                                                                                                                             ; 4       ;
; sld_hub:auto_hub|sld_jtag_hub:\jtag_hub_gen:sld_jtag_hub_inst|sld_shadow_jsm:shadow_jsm|state[1]                                                                                                                                                                                                                                                                                                              ; 4       ;
; nios_system:u0|nios_system_nios2_qsys_0:nios2_qsys_0|Equal2~12                                                                                                                                                                                                                                                                                                                                                ; 4       ;
; nios_system:u0|altera_merlin_master_translator:nios2_qsys_0_data_master_translator|av_waitrequest~5                                                                                                                                                                                                                                                                                                           ; 4       ;
; nios_system:u0|nios_system_nios2_qsys_0:nios2_qsys_0|E_src1[16]                                                                                                                                                                                                                                                                                                                                               ; 4       ;
; nios_system:u0|nios_system_nios2_qsys_0:nios2_qsys_0|E_src1[17]                                                                                                                                                                                                                                                                                                                                               ; 4       ;
; nios_system:u0|nios_system_nios2_qsys_0:nios2_qsys_0|E_src1[18]                                                                                                                                                                                                                                                                                                                                               ; 4       ;
; nios_system:u0|nios_system_nios2_qsys_0:nios2_qsys_0|E_src1[19]                                                                                                                                                                                                                                                                                                                                               ; 4       ;
; nios_system:u0|nios_system_nios2_qsys_0:nios2_qsys_0|E_src1[20]                                                                                                                                                                                                                                                                                                                                               ; 4       ;
; nios_system:u0|nios_system_nios2_qsys_0:nios2_qsys_0|E_src1[21]                                                                                                                                                                                                                                                                                                                                               ; 4       ;
; nios_system:u0|nios_system_nios2_qsys_0:nios2_qsys_0|E_src1[22]                                                                                                                                                                                                                                                                                                                                               ; 4       ;
; nios_system:u0|nios_system_nios2_qsys_0:nios2_qsys_0|E_src1[23]                                                                                                                                                                                                                                                                                                                                               ; 4       ;
; nios_system:u0|nios_system_nios2_qsys_0:nios2_qsys_0|E_src1[24]                                                                                                                                                                                                                                                                                                                                               ; 4       ;
; nios_system:u0|nios_system_nios2_qsys_0:nios2_qsys_0|E_src1[25]                                                                                                                                                                                                                                                                                                                                               ; 4       ;
; nios_system:u0|nios_system_nios2_qsys_0:nios2_qsys_0|E_src1[26]                                                                                                                                                                                                                                                                                                                                               ; 4       ;
; nios_system:u0|nios_system_nios2_qsys_0:nios2_qsys_0|E_src1[27]                                                                                                                                                                                                                                                                                                                                               ; 4       ;
; nios_system:u0|nios_system_nios2_qsys_0:nios2_qsys_0|E_src1[28]                                                                                                                                                                                                                                                                                                                                               ; 4       ;
; nios_system:u0|nios_system_nios2_qsys_0:nios2_qsys_0|E_src1[29]                                                                                                                                                                                                                                                                                                                                               ; 4       ;
; nios_system:u0|nios_system_nios2_qsys_0:nios2_qsys_0|E_src1[30]                                                                                                                                                                                                                                                                                                                                               ; 4       ;
; nios_system:u0|nios_system_nios2_qsys_0:nios2_qsys_0|D_iw[18]                                                                                                                                                                                                                                                                                                                                                 ; 4       ;
; nios_system:u0|nios_system_nios2_qsys_0:nios2_qsys_0|D_iw[19]                                                                                                                                                                                                                                                                                                                                                 ; 4       ;
; nios_system:u0|nios_system_nios2_qsys_0:nios2_qsys_0|Equal101~6                                                                                                                                                                                                                                                                                                                                               ; 4       ;
; nios_system:u0|nios_system_nios2_qsys_0:nios2_qsys_0|D_iw[17]                                                                                                                                                                                                                                                                                                                                                 ; 4       ;
; nios_system:u0|nios_system_nios2_qsys_0:nios2_qsys_0|Equal2~6                                                                                                                                                                                                                                                                                                                                                 ; 4       ;
; nios_system:u0|nios_system_nios2_qsys_0:nios2_qsys_0|Equal2~4                                                                                                                                                                                                                                                                                                                                                 ; 4       ;
; nios_system:u0|nios_system_jtag_uart_0:jtag_uart_0|fifo_rd~2                                                                                                                                                                                                                                                                                                                                                  ; 4       ;
; nios_system:u0|nios_system_cmd_xbar_mux:cmd_xbar_mux_001|update_grant~1                                                                                                                                                                                                                                                                                                                                       ; 4       ;
; nios_system:u0|altera_avalon_sc_fifo:jtag_uart_0_avalon_jtag_slave_translator_avalon_universal_slave_0_agent_rsp_fifo|mem_used[0]                                                                                                                                                                                                                                                                             ; 4       ;
; nios_system:u0|nios_system_nios2_qsys_0:nios2_qsys_0|R_ctrl_wrctl_inst                                                                                                                                                                                                                                                                                                                                        ; 4       ;
; nios_system:u0|nios_system_nios2_qsys_0:nios2_qsys_0|nios_system_nios2_qsys_0_nios2_oci:the_nios_system_nios2_qsys_0_nios2_oci|nios_system_nios2_qsys_0_jtag_debug_module_wrapper:the_nios_system_nios2_qsys_0_jtag_debug_module_wrapper|nios_system_nios2_qsys_0_jtag_debug_module_sysclk:the_nios_system_nios2_qsys_0_jtag_debug_module_sysclk|take_action_ocimem_a                                         ; 4       ;
; nios_system:u0|nios_system_onchip_memory2_0:onchip_memory2_0|altsyncram:the_altsyncram|altsyncram_8391:auto_generated|altsyncram:ram_block1a0|altsyncram_rau2:auto_generated|decode_7oa:deep_decode|w_anode1628w[3]~0                                                                                                                                                                                         ; 4       ;
; nios_system:u0|nios_system_onchip_memory2_0:onchip_memory2_0|altsyncram:the_altsyncram|altsyncram_8391:auto_generated|altsyncram:ram_block1a0|altsyncram_rau2:auto_generated|decode_7oa:decode3|w_anode1628w[3]~0                                                                                                                                                                                             ; 4       ;
; nios_system:u0|nios_system_onchip_memory2_0:onchip_memory2_0|altsyncram:the_altsyncram|altsyncram_8391:auto_generated|altsyncram:ram_block1a0|altsyncram_rau2:auto_generated|decode_7oa:deep_decode|w_anode1638w[3]~0                                                                                                                                                                                         ; 4       ;
; nios_system:u0|nios_system_onchip_memory2_0:onchip_memory2_0|altsyncram:the_altsyncram|altsyncram_8391:auto_generated|altsyncram:ram_block1a0|altsyncram_rau2:auto_generated|decode_7oa:decode3|w_anode1638w[3]~0                                                                                                                                                                                             ; 4       ;
; nios_system:u0|nios_system_onchip_memory2_0:onchip_memory2_0|altsyncram:the_altsyncram|altsyncram_8391:auto_generated|altsyncram:ram_block1a0|altsyncram_rau2:auto_generated|decode_7oa:deep_decode|w_anode1601w[3]                                                                                                                                                                                           ; 4       ;
; nios_system:u0|nios_system_onchip_memory2_0:onchip_memory2_0|altsyncram:the_altsyncram|altsyncram_8391:auto_generated|altsyncram:ram_block1a0|altsyncram_rau2:auto_generated|decode_7oa:decode3|w_anode1601w[3]                                                                                                                                                                                               ; 4       ;
; nios_system:u0|nios_system_onchip_memory2_0:onchip_memory2_0|altsyncram:the_altsyncram|altsyncram_8391:auto_generated|altsyncram:ram_block1a0|altsyncram_rau2:auto_generated|decode_7oa:deep_decode|w_anode1618w[3]~0                                                                                                                                                                                         ; 4       ;
; nios_system:u0|nios_system_onchip_memory2_0:onchip_memory2_0|altsyncram:the_altsyncram|altsyncram_8391:auto_generated|altsyncram:ram_block1a0|altsyncram_rau2:auto_generated|decode_7oa:decode3|w_anode1618w[3]~0                                                                                                                                                                                             ; 4       ;
; nios_system:u0|nios_system_onchip_memory2_0:onchip_memory2_0|altsyncram:the_altsyncram|altsyncram_8391:auto_generated|altsyncram:ram_block1a0|altsyncram_rau2:auto_generated|decode_7oa:deep_decode|w_anode1648w[3]~0                                                                                                                                                                                         ; 4       ;
; nios_system:u0|nios_system_onchip_memory2_0:onchip_memory2_0|altsyncram:the_altsyncram|altsyncram_8391:auto_generated|altsyncram:ram_block1a0|altsyncram_rau2:auto_generated|decode_7oa:decode3|w_anode1648w[3]~0                                                                                                                                                                                             ; 4       ;
; nios_system:u0|nios_system_onchip_memory2_0:onchip_memory2_0|altsyncram:the_altsyncram|altsyncram_8391:auto_generated|altsyncram:ram_block1a0|altsyncram_rau2:auto_generated|decode_7oa:deep_decode|w_anode1658w[3]~0                                                                                                                                                                                         ; 4       ;
; nios_system:u0|nios_system_onchip_memory2_0:onchip_memory2_0|altsyncram:the_altsyncram|altsyncram_8391:auto_generated|altsyncram:ram_block1a0|altsyncram_rau2:auto_generated|decode_7oa:decode3|w_anode1658w[3]~0                                                                                                                                                                                             ; 4       ;
; nios_system:u0|nios_system_cmd_xbar_mux:cmd_xbar_mux_001|WideOr1                                                                                                                                                                                                                                                                                                                                              ; 4       ;
; nios_system:u0|altera_merlin_slave_agent:nios2_qsys_0_jtag_debug_module_translator_avalon_universal_slave_0_agent|rf_source_valid~1                                                                                                                                                                                                                                                                           ; 4       ;
; nios_system:u0|nios_system_nios2_qsys_0:nios2_qsys_0|E_src2[0]                                                                                                                                                                                                                                                                                                                                                ; 4       ;
; nios_system:u0|nios_system_nios2_qsys_0:nios2_qsys_0|E_src1[1]                                                                                                                                                                                                                                                                                                                                                ; 4       ;
; nios_system:u0|nios_system_nios2_qsys_0:nios2_qsys_0|E_src2[1]                                                                                                                                                                                                                                                                                                                                                ; 4       ;
; nios_system:u0|nios_system_nios2_qsys_0:nios2_qsys_0|E_src2[2]                                                                                                                                                                                                                                                                                                                                                ; 4       ;
; nios_system:u0|nios_system_nios2_qsys_0:nios2_qsys_0|E_src2[3]                                                                                                                                                                                                                                                                                                                                                ; 4       ;
; nios_system:u0|nios_system_nios2_qsys_0:nios2_qsys_0|E_src2[4]                                                                                                                                                                                                                                                                                                                                                ; 4       ;
; nios_system:u0|nios_system_cmd_xbar_mux:cmd_xbar_mux|update_grant~1                                                                                                                                                                                                                                                                                                                                           ; 4       ;
; nios_system:u0|nios_system_nios2_qsys_0:nios2_qsys_0|d_writedata[1]                                                                                                                                                                                                                                                                                                                                           ; 4       ;
; nios_system:u0|nios_system_nios2_qsys_0:nios2_qsys_0|av_ld_align_cycle[0]                                                                                                                                                                                                                                                                                                                                     ; 4       ;
; nios_system:u0|altera_merlin_master_translator:nios2_qsys_0_data_master_translator|write_accepted~0                                                                                                                                                                                                                                                                                                           ; 4       ;
; nios_system:u0|nios_system_cmd_xbar_demux:rsp_xbar_demux|src0_valid                                                                                                                                                                                                                                                                                                                                           ; 4       ;
; nios_system:u0|nios_system_nios2_qsys_0:nios2_qsys_0|d_writedata[0]                                                                                                                                                                                                                                                                                                                                           ; 4       ;
; nios_system:u0|nios_system_cmd_xbar_demux:cmd_xbar_demux|src0_valid~0                                                                                                                                                                                                                                                                                                                                         ; 4       ;
; nios_system:u0|nios_system_addr_router:addr_router|Equal1~0                                                                                                                                                                                                                                                                                                                                                   ; 4       ;
; nios_system:u0|nios_system_cmd_xbar_demux_001:cmd_xbar_demux_001|src0_valid~0                                                                                                                                                                                                                                                                                                                                 ; 4       ;
; nios_system:u0|nios_system_nios2_qsys_0:nios2_qsys_0|Equal101~2                                                                                                                                                                                                                                                                                                                                               ; 4       ;
; nios_system:u0|nios_system_jtag_uart_0:jtag_uart_0|alt_jtag_atlantic:nios_system_jtag_uart_0_alt_jtag_atlantic|td_shift[10]                                                                                                                                                                                                                                                                                   ; 4       ;
; nios_system:u0|nios_system_jtag_uart_0:jtag_uart_0|alt_jtag_atlantic:nios_system_jtag_uart_0_alt_jtag_atlantic|rvalid0                                                                                                                                                                                                                                                                                        ; 4       ;
; nios_system:u0|nios_system_nios2_qsys_0:nios2_qsys_0|nios_system_nios2_qsys_0_nios2_oci:the_nios_system_nios2_qsys_0_nios2_oci|nios_system_nios2_qsys_0_jtag_debug_module_wrapper:the_nios_system_nios2_qsys_0_jtag_debug_module_wrapper|nios_system_nios2_qsys_0_jtag_debug_module_sysclk:the_nios_system_nios2_qsys_0_jtag_debug_module_sysclk|ir[0]                                                        ; 4       ;
; nios_system:u0|nios_system_nios2_qsys_0:nios2_qsys_0|nios_system_nios2_qsys_0_nios2_oci:the_nios_system_nios2_qsys_0_nios2_oci|nios_system_nios2_qsys_0_jtag_debug_module_wrapper:the_nios_system_nios2_qsys_0_jtag_debug_module_wrapper|nios_system_nios2_qsys_0_jtag_debug_module_sysclk:the_nios_system_nios2_qsys_0_jtag_debug_module_sysclk|enable_action_strobe                                         ; 4       ;
; nios_system:u0|nios_system_nios2_qsys_0:nios2_qsys_0|nios_system_nios2_qsys_0_nios2_oci:the_nios_system_nios2_qsys_0_nios2_oci|nios_system_nios2_qsys_0_jtag_debug_module_wrapper:the_nios_system_nios2_qsys_0_jtag_debug_module_wrapper|nios_system_nios2_qsys_0_jtag_debug_module_sysclk:the_nios_system_nios2_qsys_0_jtag_debug_module_sysclk|ir[1]                                                        ; 4       ;
; nios_system:u0|nios_system_jtag_uart_0:jtag_uart_0|alt_jtag_atlantic:nios_system_jtag_uart_0_alt_jtag_atlantic|count[1]                                                                                                                                                                                                                                                                                       ; 4       ;
; nios_system:u0|nios_system_jtag_uart_0:jtag_uart_0|alt_jtag_atlantic:nios_system_jtag_uart_0_alt_jtag_atlantic|user_saw_rvalid                                                                                                                                                                                                                                                                                ; 4       ;
; nios_system:u0|nios_system_nios2_qsys_0:nios2_qsys_0|nios_system_nios2_qsys_0_nios2_oci:the_nios_system_nios2_qsys_0_nios2_oci|nios_system_nios2_qsys_0_jtag_debug_module_wrapper:the_nios_system_nios2_qsys_0_jtag_debug_module_wrapper|sld_virtual_jtag_basic:nios_system_nios2_qsys_0_jtag_debug_module_phy|virtual_state_uir~0                                                                            ; 4       ;
; nios_system:u0|nios_system_nios2_qsys_0:nios2_qsys_0|nios_system_nios2_qsys_0_nios2_oci:the_nios_system_nios2_qsys_0_nios2_oci|nios_system_nios2_qsys_0_jtag_debug_module_wrapper:the_nios_system_nios2_qsys_0_jtag_debug_module_wrapper|nios_system_nios2_qsys_0_jtag_debug_module_tck:the_nios_system_nios2_qsys_0_jtag_debug_module_tck|Mux37~0                                                            ; 4       ;
; nios_system:u0|nios_system_nios2_qsys_0:nios2_qsys_0|nios_system_nios2_qsys_0_nios2_oci:the_nios_system_nios2_qsys_0_nios2_oci|nios_system_nios2_qsys_0_jtag_debug_module_wrapper:the_nios_system_nios2_qsys_0_jtag_debug_module_wrapper|nios_system_nios2_qsys_0_jtag_debug_module_tck:the_nios_system_nios2_qsys_0_jtag_debug_module_tck|sr[31]                                                             ; 4       ;
; nios_system:u0|nios_system_nios2_qsys_0:nios2_qsys_0|nios_system_nios2_qsys_0_register_bank_b_module:nios_system_nios2_qsys_0_register_bank_b|altsyncram:the_altsyncram|altsyncram_eah1:auto_generated|q_b[1]                                                                                                                                                                                                 ; 4       ;
; nios_system:u0|nios_system_nios2_qsys_0:nios2_qsys_0|nios_system_nios2_qsys_0_register_bank_b_module:nios_system_nios2_qsys_0_register_bank_b|altsyncram:the_altsyncram|altsyncram_eah1:auto_generated|q_b[2]                                                                                                                                                                                                 ; 4       ;
; nios_system:u0|nios_system_nios2_qsys_0:nios2_qsys_0|nios_system_nios2_qsys_0_register_bank_b_module:nios_system_nios2_qsys_0_register_bank_b|altsyncram:the_altsyncram|altsyncram_eah1:auto_generated|q_b[3]                                                                                                                                                                                                 ; 4       ;
; nios_system:u0|nios_system_nios2_qsys_0:nios2_qsys_0|nios_system_nios2_qsys_0_register_bank_b_module:nios_system_nios2_qsys_0_register_bank_b|altsyncram:the_altsyncram|altsyncram_eah1:auto_generated|q_b[4]                                                                                                                                                                                                 ; 4       ;
; nios_system:u0|nios_system_nios2_qsys_0:nios2_qsys_0|nios_system_nios2_qsys_0_register_bank_b_module:nios_system_nios2_qsys_0_register_bank_b|altsyncram:the_altsyncram|altsyncram_eah1:auto_generated|q_b[5]                                                                                                                                                                                                 ; 4       ;
; nios_system:u0|nios_system_nios2_qsys_0:nios2_qsys_0|nios_system_nios2_qsys_0_register_bank_b_module:nios_system_nios2_qsys_0_register_bank_b|altsyncram:the_altsyncram|altsyncram_eah1:auto_generated|q_b[6]                                                                                                                                                                                                 ; 4       ;
; nios_system:u0|nios_system_nios2_qsys_0:nios2_qsys_0|nios_system_nios2_qsys_0_register_bank_b_module:nios_system_nios2_qsys_0_register_bank_b|altsyncram:the_altsyncram|altsyncram_eah1:auto_generated|q_b[7]                                                                                                                                                                                                 ; 4       ;
; nios_system:u0|nios_system_nios2_qsys_0:nios2_qsys_0|nios_system_nios2_qsys_0_register_bank_b_module:nios_system_nios2_qsys_0_register_bank_b|altsyncram:the_altsyncram|altsyncram_eah1:auto_generated|q_b[0]                                                                                                                                                                                                 ; 4       ;
; nios_system:u0|nios_system_nios2_qsys_0:nios2_qsys_0|E_src1[12]                                                                                                                                                                                                                                                                                                                                               ; 4       ;
; nios_system:u0|nios_system_nios2_qsys_0:nios2_qsys_0|E_src1[13]                                                                                                                                                                                                                                                                                                                                               ; 4       ;
; nios_system:u0|nios_system_nios2_qsys_0:nios2_qsys_0|E_src1[14]                                                                                                                                                                                                                                                                                                                                               ; 4       ;
; nios_system:u0|nios_system_nios2_qsys_0:nios2_qsys_0|E_src1[15]                                                                                                                                                                                                                                                                                                                                               ; 4       ;
; nios_system:u0|nios_system_nios2_qsys_0:nios2_qsys_0|E_src1[2]                                                                                                                                                                                                                                                                                                                                                ; 4       ;
; nios_system:u0|nios_system_nios2_qsys_0:nios2_qsys_0|E_src1[3]                                                                                                                                                                                                                                                                                                                                                ; 4       ;
; nios_system:u0|nios_system_nios2_qsys_0:nios2_qsys_0|E_src1[4]                                                                                                                                                                                                                                                                                                                                                ; 4       ;
; nios_system:u0|nios_system_nios2_qsys_0:nios2_qsys_0|E_src1[5]                                                                                                                                                                                                                                                                                                                                                ; 4       ;
; nios_system:u0|nios_system_nios2_qsys_0:nios2_qsys_0|E_src1[6]                                                                                                                                                                                                                                                                                                                                                ; 4       ;
; nios_system:u0|nios_system_nios2_qsys_0:nios2_qsys_0|E_src1[7]                                                                                                                                                                                                                                                                                                                                                ; 4       ;
; nios_system:u0|nios_system_nios2_qsys_0:nios2_qsys_0|E_src1[8]                                                                                                                                                                                                                                                                                                                                                ; 4       ;
; nios_system:u0|nios_system_nios2_qsys_0:nios2_qsys_0|E_src1[9]                                                                                                                                                                                                                                                                                                                                                ; 4       ;
; nios_system:u0|nios_system_nios2_qsys_0:nios2_qsys_0|E_src1[10]                                                                                                                                                                                                                                                                                                                                               ; 4       ;
; nios_system:u0|nios_system_nios2_qsys_0:nios2_qsys_0|E_src1[11]                                                                                                                                                                                                                                                                                                                                               ; 4       ;
; nios_system:u0|nios_system_nios2_qsys_0:nios2_qsys_0|W_alu_result[9]                                                                                                                                                                                                                                                                                                                                          ; 4       ;
; nios_system:u0|nios_system_nios2_qsys_0:nios2_qsys_0|W_alu_result[8]                                                                                                                                                                                                                                                                                                                                          ; 4       ;
; nios_system:u0|nios_system_nios2_qsys_0:nios2_qsys_0|W_alu_result[7]                                                                                                                                                                                                                                                                                                                                          ; 4       ;
; nios_system:u0|nios_system_nios2_qsys_0:nios2_qsys_0|W_alu_result[6]                                                                                                                                                                                                                                                                                                                                          ; 4       ;
; nios_system:u0|nios_system_nios2_qsys_0:nios2_qsys_0|W_alu_result[5]                                                                                                                                                                                                                                                                                                                                          ; 4       ;
; nios_system:u0|nios_system_nios2_qsys_0:nios2_qsys_0|W_alu_result[4]                                                                                                                                                                                                                                                                                                                                          ; 4       ;
; nios_system:u0|nios_system_nios2_qsys_0:nios2_qsys_0|W_alu_result[3]                                                                                                                                                                                                                                                                                                                                          ; 4       ;
; nios_system:u0|nios_system_nios2_qsys_0:nios2_qsys_0|W_alu_result[10]                                                                                                                                                                                                                                                                                                                                         ; 4       ;
; nios_system:u0|nios_system_nios2_qsys_0:nios2_qsys_0|W_alu_result[13]                                                                                                                                                                                                                                                                                                                                         ; 4       ;
; nios_system:u0|nios_system_nios2_qsys_0:nios2_qsys_0|nios_system_nios2_qsys_0_nios2_oci:the_nios_system_nios2_qsys_0_nios2_oci|nios_system_nios2_qsys_0_nios2_ocimem:the_nios_system_nios2_qsys_0_nios2_ocimem|MonARegAddrInc[8]~16                                                                                                                                                                           ; 4       ;
; sld_hub:auto_hub|sld_jtag_hub:\jtag_hub_gen:sld_jtag_hub_inst|sld_shadow_jsm:shadow_jsm|tms_cnt[0]                                                                                                                                                                                                                                                                                                            ; 3       ;
; sld_hub:auto_hub|sld_jtag_hub:\jtag_hub_gen:sld_jtag_hub_inst|sld_rom_sr:hub_info_reg|WORD_SR~5                                                                                                                                                                                                                                                                                                               ; 3       ;
; sld_hub:auto_hub|sld_jtag_hub:\jtag_hub_gen:sld_jtag_hub_inst|hub_mode_reg[0]                                                                                                                                                                                                                                                                                                                                 ; 3       ;
; sld_hub:auto_hub|sld_jtag_hub:\jtag_hub_gen:sld_jtag_hub_inst|virtual_ir_dr_scan_proc~0                                                                                                                                                                                                                                                                                                                       ; 3       ;
; sld_hub:auto_hub|sld_jtag_hub:\jtag_hub_gen:sld_jtag_hub_inst|jtag_ir_reg[1]                                                                                                                                                                                                                                                                                                                                  ; 3       ;
; sld_hub:auto_hub|sld_jtag_hub:\jtag_hub_gen:sld_jtag_hub_inst|irf_reg[2][0]~11                                                                                                                                                                                                                                                                                                                                ; 3       ;
; sld_hub:auto_hub|sld_jtag_hub:\jtag_hub_gen:sld_jtag_hub_inst|irf_reg[1][0]~4                                                                                                                                                                                                                                                                                                                                 ; 3       ;
; sld_hub:auto_hub|sld_jtag_hub:\jtag_hub_gen:sld_jtag_hub_inst|sld_shadow_jsm:shadow_jsm|state[7]                                                                                                                                                                                                                                                                                                              ; 3       ;
; sld_hub:auto_hub|sld_jtag_hub:\jtag_hub_gen:sld_jtag_hub_inst|sld_shadow_jsm:shadow_jsm|state[5]                                                                                                                                                                                                                                                                                                              ; 3       ;
; sld_hub:auto_hub|sld_jtag_hub:\jtag_hub_gen:sld_jtag_hub_inst|sld_shadow_jsm:shadow_jsm|state[0]                                                                                                                                                                                                                                                                                                              ; 3       ;
; sld_hub:auto_hub|sld_jtag_hub:\jtag_hub_gen:sld_jtag_hub_inst|node_ena[2]~reg0                                                                                                                                                                                                                                                                                                                                ; 3       ;
; nios_system:u0|nios_system_nios2_qsys_0:nios2_qsys_0|nios_system_nios2_qsys_0_nios2_oci:the_nios_system_nios2_qsys_0_nios2_oci|nios_system_nios2_qsys_0_jtag_debug_module_wrapper:the_nios_system_nios2_qsys_0_jtag_debug_module_wrapper|nios_system_nios2_qsys_0_jtag_debug_module_sysclk:the_nios_system_nios2_qsys_0_jtag_debug_module_sysclk|jdo[22]                                                      ; 3       ;
; nios_system:u0|nios_system_nios2_qsys_0:nios2_qsys_0|d_writedata[10]                                                                                                                                                                                                                                                                                                                                          ; 3       ;
; nios_system:u0|nios_system_nios2_qsys_0:nios2_qsys_0|nios_system_nios2_qsys_0_nios2_oci:the_nios_system_nios2_qsys_0_nios2_oci|nios_system_nios2_qsys_0_jtag_debug_module_wrapper:the_nios_system_nios2_qsys_0_jtag_debug_module_wrapper|nios_system_nios2_qsys_0_jtag_debug_module_sysclk:the_nios_system_nios2_qsys_0_jtag_debug_module_sysclk|jdo[23]                                                      ; 3       ;
; nios_system:u0|nios_system_nios2_qsys_0:nios2_qsys_0|d_writedata[6]                                                                                                                                                                                                                                                                                                                                           ; 3       ;
; nios_system:u0|nios_system_jtag_uart_0:jtag_uart_0|ien_AE~0                                                                                                                                                                                                                                                                                                                                                   ; 3       ;
; nios_system:u0|nios_system_nios2_qsys_0:nios2_qsys_0|nios_system_nios2_qsys_0_nios2_oci:the_nios_system_nios2_qsys_0_nios2_oci|nios_system_nios2_qsys_0_jtag_debug_module_wrapper:the_nios_system_nios2_qsys_0_jtag_debug_module_wrapper|nios_system_nios2_qsys_0_jtag_debug_module_sysclk:the_nios_system_nios2_qsys_0_jtag_debug_module_sysclk|jdo[18]                                                      ; 3       ;
; nios_system:u0|nios_system_nios2_qsys_0:nios2_qsys_0|nios_system_nios2_qsys_0_nios2_oci:the_nios_system_nios2_qsys_0_nios2_oci|nios_system_nios2_qsys_0_jtag_debug_module_wrapper:the_nios_system_nios2_qsys_0_jtag_debug_module_wrapper|nios_system_nios2_qsys_0_jtag_debug_module_sysclk:the_nios_system_nios2_qsys_0_jtag_debug_module_sysclk|jdo[19]                                                      ; 3       ;
; nios_system:u0|nios_system_nios2_qsys_0:nios2_qsys_0|nios_system_nios2_qsys_0_nios2_oci:the_nios_system_nios2_qsys_0_nios2_oci|nios_system_nios2_qsys_0_jtag_debug_module_wrapper:the_nios_system_nios2_qsys_0_jtag_debug_module_wrapper|nios_system_nios2_qsys_0_jtag_debug_module_sysclk:the_nios_system_nios2_qsys_0_jtag_debug_module_sysclk|jdo[24]                                                      ; 3       ;
; nios_system:u0|nios_system_nios2_qsys_0:nios2_qsys_0|D_ctrl_exception~4                                                                                                                                                                                                                                                                                                                                       ; 3       ;
; nios_system:u0|nios_system_nios2_qsys_0:nios2_qsys_0|E_src1[31]                                                                                                                                                                                                                                                                                                                                               ; 3       ;
; nios_system:u0|nios_system_nios2_qsys_0:nios2_qsys_0|D_iw[20]                                                                                                                                                                                                                                                                                                                                                 ; 3       ;
; nios_system:u0|nios_system_nios2_qsys_0:nios2_qsys_0|R_ctrl_br_nxt~0                                                                                                                                                                                                                                                                                                                                          ; 3       ;
; nios_system:u0|nios_system_nios2_qsys_0:nios2_qsys_0|Equal2~7                                                                                                                                                                                                                                                                                                                                                 ; 3       ;
; nios_system:u0|nios_system_nios2_qsys_0:nios2_qsys_0|D_iw[9]                                                                                                                                                                                                                                                                                                                                                  ; 3       ;
; nios_system:u0|nios_system_nios2_qsys_0:nios2_qsys_0|D_iw[10]                                                                                                                                                                                                                                                                                                                                                 ; 3       ;
; nios_system:u0|nios_system_nios2_qsys_0:nios2_qsys_0|R_ctrl_force_src2_zero                                                                                                                                                                                                                                                                                                                                   ; 3       ;
; nios_system:u0|nios_system_nios2_qsys_0:nios2_qsys_0|Equal2~5                                                                                                                                                                                                                                                                                                                                                 ; 3       ;
; nios_system:u0|nios_system_nios2_qsys_0:nios2_qsys_0|Equal101~5                                                                                                                                                                                                                                                                                                                                               ; 3       ;
; nios_system:u0|nios_system_cmd_xbar_demux:cmd_xbar_demux|src1_valid~0                                                                                                                                                                                                                                                                                                                                         ; 3       ;
; nios_system:u0|nios_system_nios2_qsys_0:nios2_qsys_0|d_writedata[2]                                                                                                                                                                                                                                                                                                                                           ; 3       ;
; nios_system:u0|nios_system_nios2_qsys_0:nios2_qsys_0|d_writedata[5]                                                                                                                                                                                                                                                                                                                                           ; 3       ;
; nios_system:u0|nios_system_nios2_qsys_0:nios2_qsys_0|d_writedata[3]                                                                                                                                                                                                                                                                                                                                           ; 3       ;
; nios_system:u0|nios_system_nios2_qsys_0:nios2_qsys_0|d_writedata[4]                                                                                                                                                                                                                                                                                                                                           ; 3       ;
; nios_system:u0|nios_system_nios2_qsys_0:nios2_qsys_0|W_ienable_reg[0]                                                                                                                                                                                                                                                                                                                                         ; 3       ;
; nios_system:u0|nios_system_nios2_qsys_0:nios2_qsys_0|W_estatus_reg                                                                                                                                                                                                                                                                                                                                            ; 3       ;
; nios_system:u0|nios_system_nios2_qsys_0:nios2_qsys_0|W_bstatus_reg                                                                                                                                                                                                                                                                                                                                            ; 3       ;
; nios_system:u0|nios_system_nios2_qsys_0:nios2_qsys_0|nios_system_nios2_qsys_0_nios2_oci:the_nios_system_nios2_qsys_0_nios2_oci|nios_system_nios2_qsys_0_jtag_debug_module_wrapper:the_nios_system_nios2_qsys_0_jtag_debug_module_wrapper|nios_system_nios2_qsys_0_jtag_debug_module_sysclk:the_nios_system_nios2_qsys_0_jtag_debug_module_sysclk|jdo[20]                                                      ; 3       ;
; nios_system:u0|nios_system_nios2_qsys_0:nios2_qsys_0|nios_system_nios2_qsys_0_nios2_oci:the_nios_system_nios2_qsys_0_nios2_oci|nios_system_nios2_qsys_0_jtag_debug_module_wrapper:the_nios_system_nios2_qsys_0_jtag_debug_module_wrapper|nios_system_nios2_qsys_0_jtag_debug_module_sysclk:the_nios_system_nios2_qsys_0_jtag_debug_module_sysclk|jdo[21]                                                      ; 3       ;
; nios_system:u0|nios_system_nios2_qsys_0:nios2_qsys_0|nios_system_nios2_qsys_0_nios2_oci:the_nios_system_nios2_qsys_0_nios2_oci|nios_system_nios2_qsys_0_nios2_avalon_reg:the_nios_system_nios2_qsys_0_nios2_avalon_reg|oci_single_step_mode                                                                                                                                                                   ; 3       ;
; nios_system:u0|altera_avalon_sc_fifo:onchip_memory2_0_s1_translator_avalon_universal_slave_0_agent_rsp_fifo|mem_used[0]                                                                                                                                                                                                                                                                                       ; 3       ;
; nios_system:u0|altera_merlin_slave_agent:onchip_memory2_0_s1_translator_avalon_universal_slave_0_agent|local_read~0                                                                                                                                                                                                                                                                                           ; 3       ;
; nios_system:u0|nios_system_nios2_qsys_0:nios2_qsys_0|nios_system_nios2_qsys_0_nios2_oci:the_nios_system_nios2_qsys_0_nios2_oci|nios_system_nios2_qsys_0_nios2_oci_debug:the_nios_system_nios2_qsys_0_nios2_oci_debug|monitor_error                                                                                                                                                                            ; 3       ;
; nios_system:u0|altera_avalon_sc_fifo:nios2_qsys_0_jtag_debug_module_translator_avalon_universal_slave_0_agent_rsp_fifo|mem_used[1]~1                                                                                                                                                                                                                                                                          ; 3       ;
; nios_system:u0|altera_avalon_sc_fifo:nios2_qsys_0_jtag_debug_module_translator_avalon_universal_slave_0_agent_rsp_fifo|mem_used[0]                                                                                                                                                                                                                                                                            ; 3       ;
; nios_system:u0|nios_system_nios2_qsys_0:nios2_qsys_0|E_src2[12]                                                                                                                                                                                                                                                                                                                                               ; 3       ;
; nios_system:u0|nios_system_nios2_qsys_0:nios2_qsys_0|E_src2[13]                                                                                                                                                                                                                                                                                                                                               ; 3       ;
; nios_system:u0|nios_system_nios2_qsys_0:nios2_qsys_0|E_src2[14]                                                                                                                                                                                                                                                                                                                                               ; 3       ;
; nios_system:u0|nios_system_nios2_qsys_0:nios2_qsys_0|E_src2[15]                                                                                                                                                                                                                                                                                                                                               ; 3       ;
; nios_system:u0|nios_system_nios2_qsys_0:nios2_qsys_0|E_src2[5]                                                                                                                                                                                                                                                                                                                                                ; 3       ;
; nios_system:u0|nios_system_nios2_qsys_0:nios2_qsys_0|E_src2[6]                                                                                                                                                                                                                                                                                                                                                ; 3       ;
; nios_system:u0|nios_system_nios2_qsys_0:nios2_qsys_0|E_src2[7]                                                                                                                                                                                                                                                                                                                                                ; 3       ;
; nios_system:u0|nios_system_nios2_qsys_0:nios2_qsys_0|E_src2[8]                                                                                                                                                                                                                                                                                                                                                ; 3       ;
; nios_system:u0|nios_system_nios2_qsys_0:nios2_qsys_0|E_src2[9]                                                                                                                                                                                                                                                                                                                                                ; 3       ;
; nios_system:u0|nios_system_nios2_qsys_0:nios2_qsys_0|E_src2[10]                                                                                                                                                                                                                                                                                                                                               ; 3       ;
; nios_system:u0|nios_system_nios2_qsys_0:nios2_qsys_0|E_src2[11]                                                                                                                                                                                                                                                                                                                                               ; 3       ;
; nios_system:u0|nios_system_nios2_qsys_0:nios2_qsys_0|nios_system_nios2_qsys_0_nios2_oci:the_nios_system_nios2_qsys_0_nios2_oci|read                                                                                                                                                                                                                                                                           ; 3       ;
; nios_system:u0|nios_system_nios2_qsys_0:nios2_qsys_0|d_writedata[7]                                                                                                                                                                                                                                                                                                                                           ; 3       ;
; nios_system:u0|nios_system_jtag_uart_0:jtag_uart_0|nios_system_jtag_uart_0_scfifo_w:the_nios_system_jtag_uart_0_scfifo_w|scfifo:wfifo|scfifo_1n21:auto_generated|a_dpfifo_8t21:dpfifo|a_fefifo_7cf:fifo_state|b_non_empty                                                                                                                                                                                     ; 3       ;
; nios_system:u0|nios_system_jtag_uart_0:jtag_uart_0|alt_jtag_atlantic:nios_system_jtag_uart_0_alt_jtag_atlantic|td_shift~11                                                                                                                                                                                                                                                                                    ; 3       ;
; nios_system:u0|nios_system_nios2_qsys_0:nios2_qsys_0|av_ld_aligning_data_nxt~1                                                                                                                                                                                                                                                                                                                                ; 3       ;
; nios_system:u0|nios_system_nios2_qsys_0:nios2_qsys_0|av_ld_align_cycle[1]                                                                                                                                                                                                                                                                                                                                     ; 3       ;
; nios_system:u0|nios_system_nios2_qsys_0:nios2_qsys_0|d_write_nxt                                                                                                                                                                                                                                                                                                                                              ; 3       ;
; nios_system:u0|altera_avalon_sc_fifo:jtag_uart_0_avalon_jtag_slave_translator_avalon_universal_slave_0_agent_rsp_fifo|mem[0][54]                                                                                                                                                                                                                                                                              ; 3       ;
; nios_system:u0|nios_system_nios2_qsys_0:nios2_qsys_0|D_ctrl_break~0                                                                                                                                                                                                                                                                                                                                           ; 3       ;
; nios_system:u0|altera_merlin_master_agent:nios2_qsys_0_instruction_master_translator_avalon_universal_master_0_agent|av_readdatavalid~0                                                                                                                                                                                                                                                                       ; 3       ;
; nios_system:u0|nios_system_nios2_qsys_0:nios2_qsys_0|nios_system_nios2_qsys_0_nios2_oci:the_nios_system_nios2_qsys_0_nios2_oci|nios_system_nios2_qsys_0_jtag_debug_module_wrapper:the_nios_system_nios2_qsys_0_jtag_debug_module_wrapper|nios_system_nios2_qsys_0_jtag_debug_module_sysclk:the_nios_system_nios2_qsys_0_jtag_debug_module_sysclk|jdo[31]                                                      ; 3       ;
; nios_system:u0|nios_system_nios2_qsys_0:nios2_qsys_0|nios_system_nios2_qsys_0_nios2_oci:the_nios_system_nios2_qsys_0_nios2_oci|nios_system_nios2_qsys_0_jtag_debug_module_wrapper:the_nios_system_nios2_qsys_0_jtag_debug_module_wrapper|nios_system_nios2_qsys_0_jtag_debug_module_sysclk:the_nios_system_nios2_qsys_0_jtag_debug_module_sysclk|jdo[30]                                                      ; 3       ;
; nios_system:u0|nios_system_nios2_qsys_0:nios2_qsys_0|F_pc[3]                                                                                                                                                                                                                                                                                                                                                  ; 3       ;
; nios_system:u0|nios_system_nios2_qsys_0:nios2_qsys_0|nios_system_nios2_qsys_0_nios2_oci:the_nios_system_nios2_qsys_0_nios2_oci|nios_system_nios2_qsys_0_jtag_debug_module_wrapper:the_nios_system_nios2_qsys_0_jtag_debug_module_wrapper|nios_system_nios2_qsys_0_jtag_debug_module_sysclk:the_nios_system_nios2_qsys_0_jtag_debug_module_sysclk|jdo[29]                                                      ; 3       ;
; nios_system:u0|nios_system_nios2_qsys_0:nios2_qsys_0|nios_system_nios2_qsys_0_nios2_oci:the_nios_system_nios2_qsys_0_nios2_oci|nios_system_nios2_qsys_0_jtag_debug_module_wrapper:the_nios_system_nios2_qsys_0_jtag_debug_module_wrapper|nios_system_nios2_qsys_0_jtag_debug_module_sysclk:the_nios_system_nios2_qsys_0_jtag_debug_module_sysclk|jdo[28]                                                      ; 3       ;
; nios_system:u0|nios_system_nios2_qsys_0:nios2_qsys_0|nios_system_nios2_qsys_0_nios2_oci:the_nios_system_nios2_qsys_0_nios2_oci|nios_system_nios2_qsys_0_jtag_debug_module_wrapper:the_nios_system_nios2_qsys_0_jtag_debug_module_wrapper|nios_system_nios2_qsys_0_jtag_debug_module_sysclk:the_nios_system_nios2_qsys_0_jtag_debug_module_sysclk|jdo[27]                                                      ; 3       ;
; nios_system:u0|nios_system_nios2_qsys_0:nios2_qsys_0|nios_system_nios2_qsys_0_nios2_oci:the_nios_system_nios2_qsys_0_nios2_oci|nios_system_nios2_qsys_0_jtag_debug_module_wrapper:the_nios_system_nios2_qsys_0_jtag_debug_module_wrapper|nios_system_nios2_qsys_0_jtag_debug_module_sysclk:the_nios_system_nios2_qsys_0_jtag_debug_module_sysclk|jdo[26]                                                      ; 3       ;
; nios_system:u0|nios_system_cmd_xbar_mux:cmd_xbar_mux|WideOr1                                                                                                                                                                                                                                                                                                                                                  ; 3       ;
; nios_system:u0|nios_system_nios2_qsys_0:nios2_qsys_0|F_pc[9]                                                                                                                                                                                                                                                                                                                                                  ; 3       ;
; nios_system:u0|nios_system_addr_router_001:addr_router_001|Equal1~0                                                                                                                                                                                                                                                                                                                                           ; 3       ;
; nios_system:u0|altera_merlin_master_translator:nios2_qsys_0_data_master_translator|read_accepted                                                                                                                                                                                                                                                                                                              ; 3       ;
; nios_system:u0|nios_system_jtag_uart_0:jtag_uart_0|alt_jtag_atlantic:nios_system_jtag_uart_0_alt_jtag_atlantic|rst2                                                                                                                                                                                                                                                                                           ; 3       ;
; nios_system:u0|nios_system_jtag_uart_0:jtag_uart_0|alt_jtag_atlantic:nios_system_jtag_uart_0_alt_jtag_atlantic|r_ena1                                                                                                                                                                                                                                                                                         ; 3       ;
; nios_system:u0|nios_system_jtag_uart_0:jtag_uart_0|r_val                                                                                                                                                                                                                                                                                                                                                      ; 3       ;
; nios_system:u0|nios_system_nios2_qsys_0:nios2_qsys_0|nios_system_nios2_qsys_0_nios2_oci:the_nios_system_nios2_qsys_0_nios2_oci|nios_system_nios2_qsys_0_jtag_debug_module_wrapper:the_nios_system_nios2_qsys_0_jtag_debug_module_wrapper|nios_system_nios2_qsys_0_jtag_debug_module_sysclk:the_nios_system_nios2_qsys_0_jtag_debug_module_sysclk|jdo[25]                                                      ; 3       ;
; nios_system:u0|nios_system_nios2_qsys_0:nios2_qsys_0|nios_system_nios2_qsys_0_nios2_oci:the_nios_system_nios2_qsys_0_nios2_oci|nios_system_nios2_qsys_0_nios2_avalon_reg:the_nios_system_nios2_qsys_0_nios2_avalon_reg|take_action_ocireg~0                                                                                                                                                                   ; 3       ;
; nios_system:u0|nios_system_nios2_qsys_0:nios2_qsys_0|nios_system_nios2_qsys_0_nios2_oci:the_nios_system_nios2_qsys_0_nios2_oci|address[0]                                                                                                                                                                                                                                                                     ; 3       ;
; nios_system:u0|nios_system_nios2_qsys_0:nios2_qsys_0|nios_system_nios2_qsys_0_nios2_oci:the_nios_system_nios2_qsys_0_nios2_oci|writedata[0]                                                                                                                                                                                                                                                                   ; 3       ;
; nios_system:u0|nios_system_nios2_qsys_0:nios2_qsys_0|nios_system_nios2_qsys_0_nios2_oci:the_nios_system_nios2_qsys_0_nios2_oci|debugaccess                                                                                                                                                                                                                                                                    ; 3       ;
; nios_system:u0|altera_reset_controller:rst_controller|r_sync_rst                                                                                                                                                                                                                                                                                                                                              ; 3       ;
; nios_system:u0|nios_system_jtag_uart_0:jtag_uart_0|alt_jtag_atlantic:nios_system_jtag_uart_0_alt_jtag_atlantic|write_stalled                                                                                                                                                                                                                                                                                  ; 3       ;
; nios_system:u0|nios_system_nios2_qsys_0:nios2_qsys_0|nios_system_nios2_qsys_0_nios2_oci:the_nios_system_nios2_qsys_0_nios2_oci|nios_system_nios2_qsys_0_nios2_oci_debug:the_nios_system_nios2_qsys_0_nios2_oci_debug|monitor_ready                                                                                                                                                                            ; 3       ;
; nios_system:u0|nios_system_nios2_qsys_0:nios2_qsys_0|nios_system_nios2_qsys_0_nios2_oci:the_nios_system_nios2_qsys_0_nios2_oci|nios_system_nios2_qsys_0_jtag_debug_module_wrapper:the_nios_system_nios2_qsys_0_jtag_debug_module_wrapper|nios_system_nios2_qsys_0_jtag_debug_module_sysclk:the_nios_system_nios2_qsys_0_jtag_debug_module_sysclk|jdo[35]                                                      ; 3       ;
; nios_system:u0|nios_system_nios2_qsys_0:nios2_qsys_0|nios_system_nios2_qsys_0_nios2_oci:the_nios_system_nios2_qsys_0_nios2_oci|nios_system_nios2_qsys_0_jtag_debug_module_wrapper:the_nios_system_nios2_qsys_0_jtag_debug_module_wrapper|nios_system_nios2_qsys_0_jtag_debug_module_tck:the_nios_system_nios2_qsys_0_jtag_debug_module_tck|sr[15]                                                             ; 3       ;
; nios_system:u0|nios_system_nios2_qsys_0:nios2_qsys_0|E_shift_rot_result[20]                                                                                                                                                                                                                                                                                                                                   ; 3       ;
; nios_system:u0|nios_system_nios2_qsys_0:nios2_qsys_0|E_shift_rot_result[21]                                                                                                                                                                                                                                                                                                                                   ; 3       ;
; nios_system:u0|nios_system_nios2_qsys_0:nios2_qsys_0|E_shift_rot_result[22]                                                                                                                                                                                                                                                                                                                                   ; 3       ;
; nios_system:u0|nios_system_nios2_qsys_0:nios2_qsys_0|E_shift_rot_result[23]                                                                                                                                                                                                                                                                                                                                   ; 3       ;
; nios_system:u0|nios_system_nios2_qsys_0:nios2_qsys_0|E_shift_rot_result[24]                                                                                                                                                                                                                                                                                                                                   ; 3       ;
; nios_system:u0|nios_system_nios2_qsys_0:nios2_qsys_0|E_shift_rot_result[25]                                                                                                                                                                                                                                                                                                                                   ; 3       ;
; nios_system:u0|nios_system_nios2_qsys_0:nios2_qsys_0|E_shift_rot_result[26]                                                                                                                                                                                                                                                                                                                                   ; 3       ;
; nios_system:u0|nios_system_nios2_qsys_0:nios2_qsys_0|E_shift_rot_result[27]                                                                                                                                                                                                                                                                                                                                   ; 3       ;
; nios_system:u0|nios_system_nios2_qsys_0:nios2_qsys_0|E_shift_rot_result[28]                                                                                                                                                                                                                                                                                                                                   ; 3       ;
; nios_system:u0|nios_system_nios2_qsys_0:nios2_qsys_0|E_shift_rot_result[29]                                                                                                                                                                                                                                                                                                                                   ; 3       ;
; nios_system:u0|nios_system_nios2_qsys_0:nios2_qsys_0|E_shift_rot_result[30]                                                                                                                                                                                                                                                                                                                                   ; 3       ;
; nios_system:u0|nios_system_nios2_qsys_0:nios2_qsys_0|E_shift_rot_result[19]                                                                                                                                                                                                                                                                                                                                   ; 3       ;
; nios_system:u0|nios_system_nios2_qsys_0:nios2_qsys_0|E_shift_rot_result[31]                                                                                                                                                                                                                                                                                                                                   ; 3       ;
; nios_system:u0|nios_system_nios2_qsys_0:nios2_qsys_0|E_shift_rot_result[18]                                                                                                                                                                                                                                                                                                                                   ; 3       ;
; nios_system:u0|nios_system_nios2_qsys_0:nios2_qsys_0|nios_system_nios2_qsys_0_nios2_oci:the_nios_system_nios2_qsys_0_nios2_oci|nios_system_nios2_qsys_0_nios2_ocimem:the_nios_system_nios2_qsys_0_nios2_ocimem|MonDReg[14]                                                                                                                                                                                    ; 3       ;
; nios_system:u0|nios_system_nios2_qsys_0:nios2_qsys_0|E_shift_rot_result[0]                                                                                                                                                                                                                                                                                                                                    ; 3       ;
; nios_system:u0|nios_system_nios2_qsys_0:nios2_qsys_0|E_shift_rot_result[17]                                                                                                                                                                                                                                                                                                                                   ; 3       ;
; nios_system:u0|nios_system_nios2_qsys_0:nios2_qsys_0|av_ld_byte1_data[7]                                                                                                                                                                                                                                                                                                                                      ; 3       ;
; nios_system:u0|nios_system_nios2_qsys_0:nios2_qsys_0|E_shift_rot_result[1]                                                                                                                                                                                                                                                                                                                                    ; 3       ;
; nios_system:u0|nios_system_nios2_qsys_0:nios2_qsys_0|E_src2[16]                                                                                                                                                                                                                                                                                                                                               ; 3       ;
; nios_system:u0|nios_system_nios2_qsys_0:nios2_qsys_0|E_src2[17]                                                                                                                                                                                                                                                                                                                                               ; 3       ;
; nios_system:u0|nios_system_nios2_qsys_0:nios2_qsys_0|E_src2[18]                                                                                                                                                                                                                                                                                                                                               ; 3       ;
; nios_system:u0|nios_system_nios2_qsys_0:nios2_qsys_0|E_src2[19]                                                                                                                                                                                                                                                                                                                                               ; 3       ;
; nios_system:u0|nios_system_nios2_qsys_0:nios2_qsys_0|E_src2[20]                                                                                                                                                                                                                                                                                                                                               ; 3       ;
; nios_system:u0|nios_system_nios2_qsys_0:nios2_qsys_0|E_src2[21]                                                                                                                                                                                                                                                                                                                                               ; 3       ;
; nios_system:u0|nios_system_nios2_qsys_0:nios2_qsys_0|E_src2[22]                                                                                                                                                                                                                                                                                                                                               ; 3       ;
; nios_system:u0|nios_system_nios2_qsys_0:nios2_qsys_0|E_src2[23]                                                                                                                                                                                                                                                                                                                                               ; 3       ;
; nios_system:u0|nios_system_nios2_qsys_0:nios2_qsys_0|E_src2[24]                                                                                                                                                                                                                                                                                                                                               ; 3       ;
; nios_system:u0|nios_system_nios2_qsys_0:nios2_qsys_0|E_src2[25]                                                                                                                                                                                                                                                                                                                                               ; 3       ;
; nios_system:u0|nios_system_nios2_qsys_0:nios2_qsys_0|E_src2[26]                                                                                                                                                                                                                                                                                                                                               ; 3       ;
; nios_system:u0|nios_system_nios2_qsys_0:nios2_qsys_0|E_src2[27]                                                                                                                                                                                                                                                                                                                                               ; 3       ;
; nios_system:u0|nios_system_nios2_qsys_0:nios2_qsys_0|E_src2[28]                                                                                                                                                                                                                                                                                                                                               ; 3       ;
; nios_system:u0|nios_system_nios2_qsys_0:nios2_qsys_0|E_src2[29]                                                                                                                                                                                                                                                                                                                                               ; 3       ;
; nios_system:u0|nios_system_nios2_qsys_0:nios2_qsys_0|E_src2[30]                                                                                                                                                                                                                                                                                                                                               ; 3       ;
; nios_system:u0|nios_system_nios2_qsys_0:nios2_qsys_0|E_shift_rot_result[16]                                                                                                                                                                                                                                                                                                                                   ; 3       ;
; nios_system:u0|nios_system_nios2_qsys_0:nios2_qsys_0|nios_system_nios2_qsys_0_nios2_oci:the_nios_system_nios2_qsys_0_nios2_oci|nios_system_nios2_qsys_0_jtag_debug_module_wrapper:the_nios_system_nios2_qsys_0_jtag_debug_module_wrapper|nios_system_nios2_qsys_0_jtag_debug_module_tck:the_nios_system_nios2_qsys_0_jtag_debug_module_tck|sr[7]                                                              ; 3       ;
; nios_system:u0|nios_system_nios2_qsys_0:nios2_qsys_0|E_shift_rot_result[9]                                                                                                                                                                                                                                                                                                                                    ; 3       ;
; nios_system:u0|nios_system_nios2_qsys_0:nios2_qsys_0|E_shift_rot_result[8]                                                                                                                                                                                                                                                                                                                                    ; 3       ;
; nios_system:u0|nios_system_nios2_qsys_0:nios2_qsys_0|E_shift_rot_result[7]                                                                                                                                                                                                                                                                                                                                    ; 3       ;
; nios_system:u0|nios_system_nios2_qsys_0:nios2_qsys_0|E_shift_rot_result[6]                                                                                                                                                                                                                                                                                                                                    ; 3       ;
; nios_system:u0|nios_system_nios2_qsys_0:nios2_qsys_0|E_shift_rot_result[5]                                                                                                                                                                                                                                                                                                                                    ; 3       ;
; nios_system:u0|nios_system_nios2_qsys_0:nios2_qsys_0|E_shift_rot_result[4]                                                                                                                                                                                                                                                                                                                                    ; 3       ;
; nios_system:u0|nios_system_nios2_qsys_0:nios2_qsys_0|E_shift_rot_result[3]                                                                                                                                                                                                                                                                                                                                    ; 3       ;
; nios_system:u0|nios_system_nios2_qsys_0:nios2_qsys_0|E_shift_rot_result[2]                                                                                                                                                                                                                                                                                                                                    ; 3       ;
; nios_system:u0|nios_system_nios2_qsys_0:nios2_qsys_0|E_shift_rot_result[10]                                                                                                                                                                                                                                                                                                                                   ; 3       ;
; nios_system:u0|nios_system_nios2_qsys_0:nios2_qsys_0|E_shift_rot_result[12]                                                                                                                                                                                                                                                                                                                                   ; 3       ;
; nios_system:u0|nios_system_nios2_qsys_0:nios2_qsys_0|E_shift_rot_result[13]                                                                                                                                                                                                                                                                                                                                   ; 3       ;
; nios_system:u0|nios_system_nios2_qsys_0:nios2_qsys_0|E_shift_rot_result[14]                                                                                                                                                                                                                                                                                                                                   ; 3       ;
; nios_system:u0|nios_system_nios2_qsys_0:nios2_qsys_0|E_shift_rot_result[15]                                                                                                                                                                                                                                                                                                                                   ; 3       ;
; nios_system:u0|nios_system_nios2_qsys_0:nios2_qsys_0|E_shift_rot_result[11]                                                                                                                                                                                                                                                                                                                                   ; 3       ;
; nios_system:u0|nios_system_nios2_qsys_0:nios2_qsys_0|nios_system_nios2_qsys_0_nios2_oci:the_nios_system_nios2_qsys_0_nios2_oci|nios_system_nios2_qsys_0_nios2_oci_debug:the_nios_system_nios2_qsys_0_nios2_oci_debug|jtag_break                                                                                                                                                                               ; 3       ;
; nios_system:u0|nios_system_nios2_qsys_0:nios2_qsys_0|F_pc[7]                                                                                                                                                                                                                                                                                                                                                  ; 3       ;
; nios_system:u0|nios_system_nios2_qsys_0:nios2_qsys_0|F_pc[6]                                                                                                                                                                                                                                                                                                                                                  ; 3       ;
; nios_system:u0|nios_system_nios2_qsys_0:nios2_qsys_0|F_pc[5]                                                                                                                                                                                                                                                                                                                                                  ; 3       ;
; nios_system:u0|nios_system_nios2_qsys_0:nios2_qsys_0|F_pc[4]                                                                                                                                                                                                                                                                                                                                                  ; 3       ;
; nios_system:u0|nios_system_nios2_qsys_0:nios2_qsys_0|F_pc[2]                                                                                                                                                                                                                                                                                                                                                  ; 3       ;
; nios_system:u0|nios_system_nios2_qsys_0:nios2_qsys_0|F_pc[1]                                                                                                                                                                                                                                                                                                                                                  ; 3       ;
; nios_system:u0|nios_system_nios2_qsys_0:nios2_qsys_0|F_pc[0]                                                                                                                                                                                                                                                                                                                                                  ; 3       ;
; nios_system:u0|nios_system_nios2_qsys_0:nios2_qsys_0|F_pc[8]                                                                                                                                                                                                                                                                                                                                                  ; 3       ;
; nios_system:u0|nios_system_nios2_qsys_0:nios2_qsys_0|F_pc[11]                                                                                                                                                                                                                                                                                                                                                 ; 3       ;
; nios_system:u0|nios_system_nios2_qsys_0:nios2_qsys_0|W_alu_result[14]                                                                                                                                                                                                                                                                                                                                         ; 3       ;
; nios_system:u0|nios_system_nios2_qsys_0:nios2_qsys_0|W_alu_result[15]                                                                                                                                                                                                                                                                                                                                         ; 3       ;
; nios_system:u0|nios_system_nios2_qsys_0:nios2_qsys_0|nios_system_nios2_qsys_0_nios2_oci:the_nios_system_nios2_qsys_0_nios2_oci|nios_system_nios2_qsys_0_jtag_debug_module_wrapper:the_nios_system_nios2_qsys_0_jtag_debug_module_wrapper|nios_system_nios2_qsys_0_jtag_debug_module_tck:the_nios_system_nios2_qsys_0_jtag_debug_module_tck|sr[35]                                                             ; 3       ;
; nios_system:u0|nios_system_nios2_qsys_0:nios2_qsys_0|nios_system_nios2_qsys_0_nios2_oci:the_nios_system_nios2_qsys_0_nios2_oci|nios_system_nios2_qsys_0_jtag_debug_module_wrapper:the_nios_system_nios2_qsys_0_jtag_debug_module_wrapper|nios_system_nios2_qsys_0_jtag_debug_module_tck:the_nios_system_nios2_qsys_0_jtag_debug_module_tck|sr[0]                                                              ; 3       ;
; sld_hub:auto_hub|sld_jtag_hub:\jtag_hub_gen:sld_jtag_hub_inst|identity_contrib_shift_reg[3]                                                                                                                                                                                                                                                                                                                   ; 2       ;
; sld_hub:auto_hub|sld_jtag_hub:\jtag_hub_gen:sld_jtag_hub_inst|design_hash_reg[3]~12                                                                                                                                                                                                                                                                                                                           ; 2       ;
; sld_hub:auto_hub|sld_jtag_hub:\jtag_hub_gen:sld_jtag_hub_inst|identity_contrib_shift_reg[2]                                                                                                                                                                                                                                                                                                                   ; 2       ;
; sld_hub:auto_hub|sld_jtag_hub:\jtag_hub_gen:sld_jtag_hub_inst|design_hash_reg~10                                                                                                                                                                                                                                                                                                                              ; 2       ;
; sld_hub:auto_hub|sld_jtag_hub:\jtag_hub_gen:sld_jtag_hub_inst|identity_contrib_shift_reg[1]                                                                                                                                                                                                                                                                                                                   ; 2       ;
; sld_hub:auto_hub|sld_jtag_hub:\jtag_hub_gen:sld_jtag_hub_inst|sld_rom_sr:hub_info_reg|WORD_SR~10                                                                                                                                                                                                                                                                                                              ; 2       ;
; sld_hub:auto_hub|sld_jtag_hub:\jtag_hub_gen:sld_jtag_hub_inst|reset_ena_reg_proc~0                                                                                                                                                                                                                                                                                                                            ; 2       ;
; sld_hub:auto_hub|sld_jtag_hub:\jtag_hub_gen:sld_jtag_hub_inst|identity_contrib_shift_reg[0]~2                                                                                                                                                                                                                                                                                                                 ; 2       ;
; sld_hub:auto_hub|sld_jtag_hub:\jtag_hub_gen:sld_jtag_hub_inst|mixer_addr_reg[0]~17                                                                                                                                                                                                                                                                                                                            ; 2       ;
; sld_hub:auto_hub|sld_jtag_hub:\jtag_hub_gen:sld_jtag_hub_inst|hub_mode_reg[2]~2                                                                                                                                                                                                                                                                                                                               ; 2       ;
; sld_hub:auto_hub|sld_jtag_hub:\jtag_hub_gen:sld_jtag_hub_inst|irsr_reg[2]~4                                                                                                                                                                                                                                                                                                                                   ; 2       ;
; sld_hub:auto_hub|sld_jtag_hub:\jtag_hub_gen:sld_jtag_hub_inst|jtag_ir_reg[0]                                                                                                                                                                                                                                                                                                                                  ; 2       ;
; sld_hub:auto_hub|sld_jtag_hub:\jtag_hub_gen:sld_jtag_hub_inst|Equal0~1                                                                                                                                                                                                                                                                                                                                        ; 2       ;
; sld_hub:auto_hub|sld_jtag_hub:\jtag_hub_gen:sld_jtag_hub_inst|jtag_ir_reg[2]                                                                                                                                                                                                                                                                                                                                  ; 2       ;
; sld_hub:auto_hub|sld_jtag_hub:\jtag_hub_gen:sld_jtag_hub_inst|jtag_ir_reg[4]                                                                                                                                                                                                                                                                                                                                  ; 2       ;
; sld_hub:auto_hub|sld_jtag_hub:\jtag_hub_gen:sld_jtag_hub_inst|jtag_ir_reg[5]                                                                                                                                                                                                                                                                                                                                  ; 2       ;
; sld_hub:auto_hub|sld_jtag_hub:\jtag_hub_gen:sld_jtag_hub_inst|jtag_ir_reg[3]                                                                                                                                                                                                                                                                                                                                  ; 2       ;
; sld_hub:auto_hub|sld_jtag_hub:\jtag_hub_gen:sld_jtag_hub_inst|Equal0~0                                                                                                                                                                                                                                                                                                                                        ; 2       ;
; sld_hub:auto_hub|sld_jtag_hub:\jtag_hub_gen:sld_jtag_hub_inst|jtag_ir_reg[6]                                                                                                                                                                                                                                                                                                                                  ; 2       ;
; sld_hub:auto_hub|sld_jtag_hub:\jtag_hub_gen:sld_jtag_hub_inst|jtag_ir_reg[7]                                                                                                                                                                                                                                                                                                                                  ; 2       ;
; sld_hub:auto_hub|sld_jtag_hub:\jtag_hub_gen:sld_jtag_hub_inst|jtag_ir_reg[8]                                                                                                                                                                                                                                                                                                                                  ; 2       ;
; sld_hub:auto_hub|sld_jtag_hub:\jtag_hub_gen:sld_jtag_hub_inst|jtag_ir_reg[9]                                                                                                                                                                                                                                                                                                                                  ; 2       ;
; sld_hub:auto_hub|sld_jtag_hub:\jtag_hub_gen:sld_jtag_hub_inst|hub_mode_reg[2]                                                                                                                                                                                                                                                                                                                                 ; 2       ;
; sld_hub:auto_hub|sld_jtag_hub:\jtag_hub_gen:sld_jtag_hub_inst|node_ena~3                                                                                                                                                                                                                                                                                                                                      ; 2       ;
; sld_hub:auto_hub|sld_jtag_hub:\jtag_hub_gen:sld_jtag_hub_inst|irf_reg[1][0]~3                                                                                                                                                                                                                                                                                                                                 ; 2       ;
; sld_hub:auto_hub|sld_jtag_hub:\jtag_hub_gen:sld_jtag_hub_inst|irf_reg[1][0]~2                                                                                                                                                                                                                                                                                                                                 ; 2       ;
; sld_hub:auto_hub|sld_jtag_hub:\jtag_hub_gen:sld_jtag_hub_inst|Equal11~0                                                                                                                                                                                                                                                                                                                                       ; 2       ;
; sld_hub:auto_hub|sld_jtag_hub:\jtag_hub_gen:sld_jtag_hub_inst|tdo_bypass_reg                                                                                                                                                                                                                                                                                                                                  ; 2       ;
; sld_hub:auto_hub|sld_jtag_hub:\jtag_hub_gen:sld_jtag_hub_inst|sld_shadow_jsm:shadow_jsm|state[14]                                                                                                                                                                                                                                                                                                             ; 2       ;
; sld_hub:auto_hub|sld_jtag_hub:\jtag_hub_gen:sld_jtag_hub_inst|sld_shadow_jsm:shadow_jsm|state[12]                                                                                                                                                                                                                                                                                                             ; 2       ;
; sld_hub:auto_hub|sld_jtag_hub:\jtag_hub_gen:sld_jtag_hub_inst|sld_shadow_jsm:shadow_jsm|state[10]                                                                                                                                                                                                                                                                                                             ; 2       ;
; sld_hub:auto_hub|sld_jtag_hub:\jtag_hub_gen:sld_jtag_hub_inst|sld_shadow_jsm:shadow_jsm|state[9]                                                                                                                                                                                                                                                                                                              ; 2       ;
; sld_hub:auto_hub|sld_jtag_hub:\jtag_hub_gen:sld_jtag_hub_inst|sld_shadow_jsm:shadow_jsm|state[2]                                                                                                                                                                                                                                                                                                              ; 2       ;
; sld_hub:auto_hub|sld_jtag_hub:\jtag_hub_gen:sld_jtag_hub_inst|sld_shadow_jsm:shadow_jsm|tms_cnt[1]                                                                                                                                                                                                                                                                                                            ; 2       ;
; sld_hub:auto_hub|sld_jtag_hub:\jtag_hub_gen:sld_jtag_hub_inst|sld_shadow_jsm:shadow_jsm|tms_cnt[2]                                                                                                                                                                                                                                                                                                            ; 2       ;
; sld_hub:auto_hub|sld_jtag_hub:\jtag_hub_gen:sld_jtag_hub_inst|sld_shadow_jsm:shadow_jsm|state[13]                                                                                                                                                                                                                                                                                                             ; 2       ;
; sld_hub:auto_hub|sld_jtag_hub:\jtag_hub_gen:sld_jtag_hub_inst|sld_shadow_jsm:shadow_jsm|state[6]                                                                                                                                                                                                                                                                                                              ; 2       ;
; nios_system:u0|nios_system_nios2_qsys_0:nios2_qsys_0|D_wr_dst_reg~7                                                                                                                                                                                                                                                                                                                                           ; 2       ;
; nios_system:u0|nios_system_cmd_xbar_mux:cmd_xbar_mux_001|altera_merlin_arbitrator:arb|top_priority_reg[0]~2                                                                                                                                                                                                                                                                                                   ; 2       ;
; nios_system:u0|nios_system_rsp_xbar_mux_001:rsp_xbar_mux_001|WideOr1~4                                                                                                                                                                                                                                                                                                                                        ; 2       ;
; nios_system:u0|nios_system_nios2_qsys_0:nios2_qsys_0|nios_system_nios2_qsys_0_nios2_oci:the_nios_system_nios2_qsys_0_nios2_oci|nios_system_nios2_qsys_0_jtag_debug_module_wrapper:the_nios_system_nios2_qsys_0_jtag_debug_module_wrapper|nios_system_nios2_qsys_0_jtag_debug_module_tck:the_nios_system_nios2_qsys_0_jtag_debug_module_tck|sr[13]                                                             ; 2       ;
; nios_system:u0|nios_system_nios2_qsys_0:nios2_qsys_0|nios_system_nios2_qsys_0_nios2_oci:the_nios_system_nios2_qsys_0_nios2_oci|nios_system_nios2_qsys_0_jtag_debug_module_wrapper:the_nios_system_nios2_qsys_0_jtag_debug_module_wrapper|nios_system_nios2_qsys_0_jtag_debug_module_sysclk:the_nios_system_nios2_qsys_0_jtag_debug_module_sysclk|jdo[13]                                                      ; 2       ;
; nios_system:u0|nios_system_nios2_qsys_0:nios2_qsys_0|nios_system_nios2_qsys_0_nios2_oci:the_nios_system_nios2_qsys_0_nios2_oci|nios_system_nios2_qsys_0_jtag_debug_module_wrapper:the_nios_system_nios2_qsys_0_jtag_debug_module_wrapper|nios_system_nios2_qsys_0_jtag_debug_module_sysclk:the_nios_system_nios2_qsys_0_jtag_debug_module_sysclk|jdo[12]                                                      ; 2       ;
; nios_system:u0|nios_system_nios2_qsys_0:nios2_qsys_0|nios_system_nios2_qsys_0_nios2_oci:the_nios_system_nios2_qsys_0_nios2_oci|nios_system_nios2_qsys_0_jtag_debug_module_wrapper:the_nios_system_nios2_qsys_0_jtag_debug_module_wrapper|nios_system_nios2_qsys_0_jtag_debug_module_tck:the_nios_system_nios2_qsys_0_jtag_debug_module_tck|sr[12]                                                             ; 2       ;
; nios_system:u0|nios_system_nios2_qsys_0:nios2_qsys_0|nios_system_nios2_qsys_0_nios2_oci:the_nios_system_nios2_qsys_0_nios2_oci|nios_system_nios2_qsys_0_nios2_ocimem:the_nios_system_nios2_qsys_0_nios2_ocimem|MonDReg[10]                                                                                                                                                                                    ; 2       ;
; nios_system:u0|nios_system_nios2_qsys_0:nios2_qsys_0|nios_system_nios2_qsys_0_nios2_oci:the_nios_system_nios2_qsys_0_nios2_oci|nios_system_nios2_qsys_0_jtag_debug_module_wrapper:the_nios_system_nios2_qsys_0_jtag_debug_module_wrapper|nios_system_nios2_qsys_0_jtag_debug_module_sysclk:the_nios_system_nios2_qsys_0_jtag_debug_module_sysclk|jdo[11]                                                      ; 2       ;
; nios_system:u0|nios_system_nios2_qsys_0:nios2_qsys_0|nios_system_nios2_qsys_0_nios2_oci:the_nios_system_nios2_qsys_0_nios2_oci|nios_system_nios2_qsys_0_nios2_ocimem:the_nios_system_nios2_qsys_0_nios2_ocimem|MonDReg[9]                                                                                                                                                                                     ; 2       ;
; nios_system:u0|nios_system_nios2_qsys_0:nios2_qsys_0|nios_system_nios2_qsys_0_nios2_oci:the_nios_system_nios2_qsys_0_nios2_oci|nios_system_nios2_qsys_0_jtag_debug_module_wrapper:the_nios_system_nios2_qsys_0_jtag_debug_module_wrapper|nios_system_nios2_qsys_0_jtag_debug_module_tck:the_nios_system_nios2_qsys_0_jtag_debug_module_tck|sr[11]                                                             ; 2       ;
; nios_system:u0|nios_system_nios2_qsys_0:nios2_qsys_0|nios_system_nios2_qsys_0_nios2_oci:the_nios_system_nios2_qsys_0_nios2_oci|nios_system_nios2_qsys_0_nios2_ocimem:the_nios_system_nios2_qsys_0_nios2_ocimem|MonDReg[22]                                                                                                                                                                                    ; 2       ;
; nios_system:u0|nios_system_nios2_qsys_0:nios2_qsys_0|nios_system_nios2_qsys_0_nios2_oci:the_nios_system_nios2_qsys_0_nios2_oci|nios_system_nios2_qsys_0_jtag_debug_module_wrapper:the_nios_system_nios2_qsys_0_jtag_debug_module_wrapper|nios_system_nios2_qsys_0_jtag_debug_module_tck:the_nios_system_nios2_qsys_0_jtag_debug_module_tck|sr[14]                                                             ; 2       ;
; nios_system:u0|nios_system_nios2_qsys_0:nios2_qsys_0|E_alu_result[25]~41                                                                                                                                                                                                                                                                                                                                      ; 2       ;
; nios_system:u0|nios_system_jtag_uart_0:jtag_uart_0|woverflow                                                                                                                                                                                                                                                                                                                                                  ; 2       ;
; nios_system:u0|nios_system_jtag_uart_0:jtag_uart_0|rvalid                                                                                                                                                                                                                                                                                                                                                     ; 2       ;
; nios_system:u0|nios_system_jtag_uart_0:jtag_uart_0|ac                                                                                                                                                                                                                                                                                                                                                         ; 2       ;
; nios_system:u0|nios_system_nios2_qsys_0:nios2_qsys_0|nios_system_nios2_qsys_0_nios2_oci:the_nios_system_nios2_qsys_0_nios2_oci|nios_system_nios2_qsys_0_jtag_debug_module_wrapper:the_nios_system_nios2_qsys_0_jtag_debug_module_wrapper|nios_system_nios2_qsys_0_jtag_debug_module_sysclk:the_nios_system_nios2_qsys_0_jtag_debug_module_sysclk|jdo[10]                                                      ; 2       ;
; nios_system:u0|nios_system_nios2_qsys_0:nios2_qsys_0|nios_system_nios2_qsys_0_nios2_oci:the_nios_system_nios2_qsys_0_nios2_oci|nios_system_nios2_qsys_0_nios2_ocimem:the_nios_system_nios2_qsys_0_nios2_ocimem|MonDReg[8]                                                                                                                                                                                     ; 2       ;
; nios_system:u0|nios_system_nios2_qsys_0:nios2_qsys_0|nios_system_nios2_qsys_0_nios2_oci:the_nios_system_nios2_qsys_0_nios2_oci|nios_system_nios2_qsys_0_jtag_debug_module_wrapper:the_nios_system_nios2_qsys_0_jtag_debug_module_wrapper|nios_system_nios2_qsys_0_jtag_debug_module_tck:the_nios_system_nios2_qsys_0_jtag_debug_module_tck|sr[10]                                                             ; 2       ;
; nios_system:u0|nios_system_nios2_qsys_0:nios2_qsys_0|nios_system_nios2_qsys_0_nios2_oci:the_nios_system_nios2_qsys_0_nios2_oci|nios_system_nios2_qsys_0_jtag_debug_module_wrapper:the_nios_system_nios2_qsys_0_jtag_debug_module_wrapper|nios_system_nios2_qsys_0_jtag_debug_module_sysclk:the_nios_system_nios2_qsys_0_jtag_debug_module_sysclk|jdo[15]                                                      ; 2       ;
; nios_system:u0|nios_system_jtag_uart_0:jtag_uart_0|alt_jtag_atlantic:nios_system_jtag_uart_0_alt_jtag_atlantic|jupdate                                                                                                                                                                                                                                                                                        ; 2       ;
; nios_system:u0|nios_system_nios2_qsys_0:nios2_qsys_0|nios_system_nios2_qsys_0_nios2_oci:the_nios_system_nios2_qsys_0_nios2_oci|nios_system_nios2_qsys_0_nios2_ocimem:the_nios_system_nios2_qsys_0_nios2_ocimem|MonDReg[21]                                                                                                                                                                                    ; 2       ;
; nios_system:u0|nios_system_nios2_qsys_0:nios2_qsys_0|nios_system_nios2_qsys_0_nios2_oci:the_nios_system_nios2_qsys_0_nios2_oci|nios_system_nios2_qsys_0_jtag_debug_module_wrapper:the_nios_system_nios2_qsys_0_jtag_debug_module_wrapper|nios_system_nios2_qsys_0_jtag_debug_module_tck:the_nios_system_nios2_qsys_0_jtag_debug_module_tck|sr[23]                                                             ; 2       ;
; nios_system:u0|nios_system_nios2_qsys_0:nios2_qsys_0|nios_system_nios2_qsys_0_nios2_oci:the_nios_system_nios2_qsys_0_nios2_oci|nios_system_nios2_qsys_0_jtag_debug_module_wrapper:the_nios_system_nios2_qsys_0_jtag_debug_module_wrapper|nios_system_nios2_qsys_0_jtag_debug_module_sysclk:the_nios_system_nios2_qsys_0_jtag_debug_module_sysclk|jdo[14]                                                      ; 2       ;
; nios_system:u0|nios_system_nios2_qsys_0:nios2_qsys_0|nios_system_nios2_qsys_0_nios2_oci:the_nios_system_nios2_qsys_0_nios2_oci|nios_system_nios2_qsys_0_nios2_ocimem:the_nios_system_nios2_qsys_0_nios2_ocimem|MonDReg[23]                                                                                                                                                                                    ; 2       ;
; nios_system:u0|nios_system_nios2_qsys_0:nios2_qsys_0|nios_system_nios2_qsys_0_nios2_oci:the_nios_system_nios2_qsys_0_nios2_oci|nios_system_nios2_qsys_0_jtag_debug_module_wrapper:the_nios_system_nios2_qsys_0_jtag_debug_module_wrapper|nios_system_nios2_qsys_0_jtag_debug_module_tck:the_nios_system_nios2_qsys_0_jtag_debug_module_tck|sr[16]                                                             ; 2       ;
; nios_system:u0|nios_system_nios2_qsys_0:nios2_qsys_0|d_byteenable[3]                                                                                                                                                                                                                                                                                                                                          ; 2       ;
; nios_system:u0|nios_system_nios2_qsys_0:nios2_qsys_0|d_writedata[23]                                                                                                                                                                                                                                                                                                                                          ; 2       ;
; nios_system:u0|nios_system_nios2_qsys_0:nios2_qsys_0|d_writedata[22]                                                                                                                                                                                                                                                                                                                                          ; 2       ;
; nios_system:u0|nios_system_nios2_qsys_0:nios2_qsys_0|E_shift_rot_fill_bit~0                                                                                                                                                                                                                                                                                                                                   ; 2       ;
; nios_system:u0|nios_system_nios2_qsys_0:nios2_qsys_0|W_rf_wr_data[17]~33                                                                                                                                                                                                                                                                                                                                      ; 2       ;
; nios_system:u0|nios_system_nios2_qsys_0:nios2_qsys_0|W_rf_wr_data[18]~32                                                                                                                                                                                                                                                                                                                                      ; 2       ;
; nios_system:u0|nios_system_nios2_qsys_0:nios2_qsys_0|W_rf_wr_data[19]~31                                                                                                                                                                                                                                                                                                                                      ; 2       ;
; nios_system:u0|nios_system_nios2_qsys_0:nios2_qsys_0|W_rf_wr_data[20]~30                                                                                                                                                                                                                                                                                                                                      ; 2       ;
; nios_system:u0|nios_system_nios2_qsys_0:nios2_qsys_0|W_rf_wr_data[21]~29                                                                                                                                                                                                                                                                                                                                      ; 2       ;
; nios_system:u0|nios_system_nios2_qsys_0:nios2_qsys_0|W_rf_wr_data[22]~28                                                                                                                                                                                                                                                                                                                                      ; 2       ;
; nios_system:u0|nios_system_nios2_qsys_0:nios2_qsys_0|W_rf_wr_data[23]~27                                                                                                                                                                                                                                                                                                                                      ; 2       ;
; nios_system:u0|nios_system_nios2_qsys_0:nios2_qsys_0|W_rf_wr_data[24]~26                                                                                                                                                                                                                                                                                                                                      ; 2       ;
; nios_system:u0|nios_system_nios2_qsys_0:nios2_qsys_0|av_ld_byte3_data[0]                                                                                                                                                                                                                                                                                                                                      ; 2       ;
; nios_system:u0|nios_system_nios2_qsys_0:nios2_qsys_0|W_rf_wr_data[25]~25                                                                                                                                                                                                                                                                                                                                      ; 2       ;
; nios_system:u0|nios_system_nios2_qsys_0:nios2_qsys_0|av_ld_byte3_data[1]                                                                                                                                                                                                                                                                                                                                      ; 2       ;
; nios_system:u0|nios_system_nios2_qsys_0:nios2_qsys_0|W_rf_wr_data[26]~24                                                                                                                                                                                                                                                                                                                                      ; 2       ;
; nios_system:u0|nios_system_nios2_qsys_0:nios2_qsys_0|av_ld_byte3_data[2]                                                                                                                                                                                                                                                                                                                                      ; 2       ;
; nios_system:u0|nios_system_nios2_qsys_0:nios2_qsys_0|W_rf_wr_data[27]~23                                                                                                                                                                                                                                                                                                                                      ; 2       ;
; nios_system:u0|nios_system_nios2_qsys_0:nios2_qsys_0|av_ld_byte3_data[3]                                                                                                                                                                                                                                                                                                                                      ; 2       ;
; nios_system:u0|nios_system_nios2_qsys_0:nios2_qsys_0|W_rf_wr_data[28]~22                                                                                                                                                                                                                                                                                                                                      ; 2       ;
; nios_system:u0|nios_system_nios2_qsys_0:nios2_qsys_0|av_ld_byte3_data[4]                                                                                                                                                                                                                                                                                                                                      ; 2       ;
; nios_system:u0|nios_system_nios2_qsys_0:nios2_qsys_0|W_rf_wr_data[29]~21                                                                                                                                                                                                                                                                                                                                      ; 2       ;
; nios_system:u0|nios_system_nios2_qsys_0:nios2_qsys_0|av_ld_byte3_data[5]                                                                                                                                                                                                                                                                                                                                      ; 2       ;
; nios_system:u0|nios_system_nios2_qsys_0:nios2_qsys_0|W_rf_wr_data[30]~20                                                                                                                                                                                                                                                                                                                                      ; 2       ;
; nios_system:u0|nios_system_nios2_qsys_0:nios2_qsys_0|av_ld_byte3_data[6]                                                                                                                                                                                                                                                                                                                                      ; 2       ;
; nios_system:u0|nios_system_nios2_qsys_0:nios2_qsys_0|W_rf_wr_data[31]~19                                                                                                                                                                                                                                                                                                                                      ; 2       ;
; nios_system:u0|nios_system_nios2_qsys_0:nios2_qsys_0|av_ld_byte3_data[7]                                                                                                                                                                                                                                                                                                                                      ; 2       ;
; nios_system:u0|nios_system_nios2_qsys_0:nios2_qsys_0|d_writedata[18]                                                                                                                                                                                                                                                                                                                                          ; 2       ;
; nios_system:u0|nios_system_nios2_qsys_0:nios2_qsys_0|d_writedata[20]                                                                                                                                                                                                                                                                                                                                          ; 2       ;
; nios_system:u0|nios_system_nios2_qsys_0:nios2_qsys_0|d_writedata[19]                                                                                                                                                                                                                                                                                                                                          ; 2       ;
; nios_system:u0|nios_system_nios2_qsys_0:nios2_qsys_0|d_writedata[21]                                                                                                                                                                                                                                                                                                                                          ; 2       ;
; nios_system:u0|nios_system_nios2_qsys_0:nios2_qsys_0|d_writedata[9]                                                                                                                                                                                                                                                                                                                                           ; 2       ;
; nios_system:u0|nios_system_onchip_memory2_0:onchip_memory2_0|altsyncram:the_altsyncram|altsyncram_8391:auto_generated|altsyncram:ram_block1a0|altsyncram_rau2:auto_generated|mux_4kb:mux2|result_node[31]~128                                                                                                                                                                                                 ; 2       ;
; nios_system:u0|altera_merlin_slave_translator:nios2_qsys_0_jtag_debug_module_translator|av_readdata_pre[31]                                                                                                                                                                                                                                                                                                   ; 2       ;
; nios_system:u0|nios_system_onchip_memory2_0:onchip_memory2_0|altsyncram:the_altsyncram|altsyncram_8391:auto_generated|altsyncram:ram_block1a0|altsyncram_rau2:auto_generated|mux_4kb:mux2|result_node[30]~124                                                                                                                                                                                                 ; 2       ;
; nios_system:u0|altera_merlin_slave_translator:nios2_qsys_0_jtag_debug_module_translator|av_readdata_pre[30]                                                                                                                                                                                                                                                                                                   ; 2       ;
; nios_system:u0|nios_system_onchip_memory2_0:onchip_memory2_0|altsyncram:the_altsyncram|altsyncram_8391:auto_generated|altsyncram:ram_block1a0|altsyncram_rau2:auto_generated|mux_4kb:mux2|result_node[29]~120                                                                                                                                                                                                 ; 2       ;
; nios_system:u0|altera_merlin_slave_translator:nios2_qsys_0_jtag_debug_module_translator|av_readdata_pre[29]                                                                                                                                                                                                                                                                                                   ; 2       ;
; nios_system:u0|nios_system_onchip_memory2_0:onchip_memory2_0|altsyncram:the_altsyncram|altsyncram_8391:auto_generated|altsyncram:ram_block1a0|altsyncram_rau2:auto_generated|mux_4kb:mux2|result_node[28]~116                                                                                                                                                                                                 ; 2       ;
; nios_system:u0|altera_merlin_slave_translator:nios2_qsys_0_jtag_debug_module_translator|av_readdata_pre[28]                                                                                                                                                                                                                                                                                                   ; 2       ;
; nios_system:u0|nios_system_onchip_memory2_0:onchip_memory2_0|altsyncram:the_altsyncram|altsyncram_8391:auto_generated|altsyncram:ram_block1a0|altsyncram_rau2:auto_generated|mux_4kb:mux2|result_node[27]~112                                                                                                                                                                                                 ; 2       ;
; nios_system:u0|altera_merlin_slave_translator:nios2_qsys_0_jtag_debug_module_translator|av_readdata_pre[27]                                                                                                                                                                                                                                                                                                   ; 2       ;
; nios_system:u0|nios_system_nios2_qsys_0:nios2_qsys_0|d_writedata[17]                                                                                                                                                                                                                                                                                                                                          ; 2       ;
; nios_system:u0|nios_system_nios2_qsys_0:nios2_qsys_0|nios_system_nios2_qsys_0_nios2_oci:the_nios_system_nios2_qsys_0_nios2_oci|nios_system_nios2_qsys_0_nios2_ocimem:the_nios_system_nios2_qsys_0_nios2_ocimem|MonDReg[7]                                                                                                                                                                                     ; 2       ;
; nios_system:u0|nios_system_nios2_qsys_0:nios2_qsys_0|nios_system_nios2_qsys_0_nios2_oci:the_nios_system_nios2_qsys_0_nios2_oci|nios_system_nios2_qsys_0_jtag_debug_module_wrapper:the_nios_system_nios2_qsys_0_jtag_debug_module_wrapper|nios_system_nios2_qsys_0_jtag_debug_module_tck:the_nios_system_nios2_qsys_0_jtag_debug_module_tck|sr[9]                                                              ; 2       ;
; nios_system:u0|nios_system_nios2_qsys_0:nios2_qsys_0|nios_system_nios2_qsys_0_nios2_oci:the_nios_system_nios2_qsys_0_nios2_oci|nios_system_nios2_qsys_0_jtag_debug_module_wrapper:the_nios_system_nios2_qsys_0_jtag_debug_module_wrapper|nios_system_nios2_qsys_0_jtag_debug_module_sysclk:the_nios_system_nios2_qsys_0_jtag_debug_module_sysclk|jdo[9]                                                       ; 2       ;
; nios_system:u0|nios_system_jtag_uart_0:jtag_uart_0|alt_jtag_atlantic:nios_system_jtag_uart_0_alt_jtag_atlantic|td_shift[7]                                                                                                                                                                                                                                                                                    ; 2       ;
; nios_system:u0|nios_system_nios2_qsys_0:nios2_qsys_0|nios_system_nios2_qsys_0_nios2_oci:the_nios_system_nios2_qsys_0_nios2_oci|nios_system_nios2_qsys_0_nios2_ocimem:the_nios_system_nios2_qsys_0_nios2_ocimem|MonDReg[15]                                                                                                                                                                                    ; 2       ;
; nios_system:u0|nios_system_nios2_qsys_0:nios2_qsys_0|nios_system_nios2_qsys_0_nios2_oci:the_nios_system_nios2_qsys_0_nios2_oci|nios_system_nios2_qsys_0_nios2_ocimem:the_nios_system_nios2_qsys_0_nios2_ocimem|MonDReg[13]                                                                                                                                                                                    ; 2       ;
; nios_system:u0|nios_system_nios2_qsys_0:nios2_qsys_0|W_rf_wr_data[16]~18                                                                                                                                                                                                                                                                                                                                      ; 2       ;
; nios_system:u0|nios_system_jtag_uart_0:jtag_uart_0|alt_jtag_atlantic:nios_system_jtag_uart_0_alt_jtag_atlantic|jupdate1                                                                                                                                                                                                                                                                                       ; 2       ;
; nios_system:u0|nios_system_nios2_qsys_0:nios2_qsys_0|d_writedata[8]                                                                                                                                                                                                                                                                                                                                           ; 2       ;
; nios_system:u0|nios_system_nios2_qsys_0:nios2_qsys_0|nios_system_nios2_qsys_0_nios2_oci:the_nios_system_nios2_qsys_0_nios2_oci|nios_system_nios2_qsys_0_nios2_ocimem:the_nios_system_nios2_qsys_0_nios2_ocimem|MonDReg[19]                                                                                                                                                                                    ; 2       ;
; nios_system:u0|nios_system_nios2_qsys_0:nios2_qsys_0|nios_system_nios2_qsys_0_nios2_oci:the_nios_system_nios2_qsys_0_nios2_oci|nios_system_nios2_qsys_0_nios2_ocimem:the_nios_system_nios2_qsys_0_nios2_ocimem|MonDReg[20]                                                                                                                                                                                    ; 2       ;
; nios_system:u0|nios_system_nios2_qsys_0:nios2_qsys_0|nios_system_nios2_qsys_0_nios2_oci:the_nios_system_nios2_qsys_0_nios2_oci|nios_system_nios2_qsys_0_jtag_debug_module_wrapper:the_nios_system_nios2_qsys_0_jtag_debug_module_wrapper|nios_system_nios2_qsys_0_jtag_debug_module_tck:the_nios_system_nios2_qsys_0_jtag_debug_module_tck|sr[22]                                                             ; 2       ;
; nios_system:u0|nios_system_nios2_qsys_0:nios2_qsys_0|nios_system_nios2_qsys_0_nios2_oci:the_nios_system_nios2_qsys_0_nios2_oci|nios_system_nios2_qsys_0_nios2_ocimem:the_nios_system_nios2_qsys_0_nios2_ocimem|MonDReg[11]                                                                                                                                                                                    ; 2       ;
; nios_system:u0|nios_system_nios2_qsys_0:nios2_qsys_0|nios_system_nios2_qsys_0_nios2_oci:the_nios_system_nios2_qsys_0_nios2_oci|nios_system_nios2_qsys_0_jtag_debug_module_wrapper:the_nios_system_nios2_qsys_0_jtag_debug_module_wrapper|nios_system_nios2_qsys_0_jtag_debug_module_tck:the_nios_system_nios2_qsys_0_jtag_debug_module_tck|sr[24]                                                             ; 2       ;
; nios_system:u0|nios_system_nios2_qsys_0:nios2_qsys_0|nios_system_nios2_qsys_0_nios2_oci:the_nios_system_nios2_qsys_0_nios2_oci|nios_system_nios2_qsys_0_jtag_debug_module_wrapper:the_nios_system_nios2_qsys_0_jtag_debug_module_wrapper|nios_system_nios2_qsys_0_jtag_debug_module_sysclk:the_nios_system_nios2_qsys_0_jtag_debug_module_sysclk|jdo[16]                                                      ; 2       ;
; nios_system:u0|nios_system_nios2_qsys_0:nios2_qsys_0|nios_system_nios2_qsys_0_nios2_oci:the_nios_system_nios2_qsys_0_nios2_oci|nios_system_nios2_qsys_0_nios2_ocimem:the_nios_system_nios2_qsys_0_nios2_ocimem|MonDReg[17]                                                                                                                                                                                    ; 2       ;
; nios_system:u0|nios_system_nios2_qsys_0:nios2_qsys_0|nios_system_nios2_qsys_0_nios2_oci:the_nios_system_nios2_qsys_0_nios2_oci|nios_system_nios2_qsys_0_jtag_debug_module_wrapper:the_nios_system_nios2_qsys_0_jtag_debug_module_wrapper|nios_system_nios2_qsys_0_jtag_debug_module_tck:the_nios_system_nios2_qsys_0_jtag_debug_module_tck|sr[19]                                                             ; 2       ;
; nios_system:u0|nios_system_onchip_memory2_0:onchip_memory2_0|altsyncram:the_altsyncram|altsyncram_8391:auto_generated|altsyncram:ram_block1a0|altsyncram_rau2:auto_generated|mux_4kb:mux2|result_node[26]~108                                                                                                                                                                                                 ; 2       ;
; nios_system:u0|altera_merlin_slave_translator:nios2_qsys_0_jtag_debug_module_translator|av_readdata_pre[26]                                                                                                                                                                                                                                                                                                   ; 2       ;
; nios_system:u0|nios_system_onchip_memory2_0:onchip_memory2_0|altsyncram:the_altsyncram|altsyncram_8391:auto_generated|altsyncram:ram_block1a0|altsyncram_rau2:auto_generated|mux_4kb:mux2|result_node[25]~104                                                                                                                                                                                                 ; 2       ;
; nios_system:u0|altera_merlin_slave_translator:nios2_qsys_0_jtag_debug_module_translator|av_readdata_pre[25]                                                                                                                                                                                                                                                                                                   ; 2       ;
; nios_system:u0|nios_system_onchip_memory2_0:onchip_memory2_0|altsyncram:the_altsyncram|altsyncram_8391:auto_generated|altsyncram:ram_block1a0|altsyncram_rau2:auto_generated|mux_4kb:mux2|result_node[24]~100                                                                                                                                                                                                 ; 2       ;
; nios_system:u0|altera_merlin_slave_translator:nios2_qsys_0_jtag_debug_module_translator|av_readdata_pre[24]                                                                                                                                                                                                                                                                                                   ; 2       ;
; nios_system:u0|nios_system_onchip_memory2_0:onchip_memory2_0|altsyncram:the_altsyncram|altsyncram_8391:auto_generated|altsyncram:ram_block1a0|altsyncram_rau2:auto_generated|mux_4kb:mux2|result_node[23]~96                                                                                                                                                                                                  ; 2       ;
; nios_system:u0|altera_merlin_slave_translator:nios2_qsys_0_jtag_debug_module_translator|av_readdata_pre[23]                                                                                                                                                                                                                                                                                                   ; 2       ;
; nios_system:u0|nios_system_onchip_memory2_0:onchip_memory2_0|altsyncram:the_altsyncram|altsyncram_8391:auto_generated|altsyncram:ram_block1a0|altsyncram_rau2:auto_generated|mux_4kb:mux2|result_node[22]~92                                                                                                                                                                                                  ; 2       ;
; nios_system:u0|altera_merlin_slave_translator:nios2_qsys_0_jtag_debug_module_translator|av_readdata_pre[22]                                                                                                                                                                                                                                                                                                   ; 2       ;
; nios_system:u0|nios_system_nios2_qsys_0:nios2_qsys_0|E_control_rd_data[0]~0                                                                                                                                                                                                                                                                                                                                   ; 2       ;
; nios_system:u0|nios_system_nios2_qsys_0:nios2_qsys_0|D_dst_regnum[4]~7                                                                                                                                                                                                                                                                                                                                        ; 2       ;
; nios_system:u0|nios_system_nios2_qsys_0:nios2_qsys_0|D_dst_regnum[1]~5                                                                                                                                                                                                                                                                                                                                        ; 2       ;
; nios_system:u0|nios_system_nios2_qsys_0:nios2_qsys_0|D_dst_regnum[3]~3                                                                                                                                                                                                                                                                                                                                        ; 2       ;
; nios_system:u0|nios_system_nios2_qsys_0:nios2_qsys_0|D_dst_regnum[2]~2                                                                                                                                                                                                                                                                                                                                        ; 2       ;
; nios_system:u0|nios_system_nios2_qsys_0:nios2_qsys_0|D_dst_regnum[0]~1                                                                                                                                                                                                                                                                                                                                        ; 2       ;
; nios_system:u0|nios_system_nios2_qsys_0:nios2_qsys_0|R_ctrl_unsigned_lo_imm16                                                                                                                                                                                                                                                                                                                                 ; 2       ;
; nios_system:u0|nios_system_nios2_qsys_0:nios2_qsys_0|W_rf_wr_data[12]~17                                                                                                                                                                                                                                                                                                                                      ; 2       ;
; nios_system:u0|nios_system_nios2_qsys_0:nios2_qsys_0|W_rf_wr_data[13]~16                                                                                                                                                                                                                                                                                                                                      ; 2       ;
; nios_system:u0|nios_system_onchip_memory2_0:onchip_memory2_0|altsyncram:the_altsyncram|altsyncram_8391:auto_generated|altsyncram:ram_block1a0|altsyncram_rau2:auto_generated|mux_4kb:mux2|result_node[18]~88                                                                                                                                                                                                  ; 2       ;
; nios_system:u0|altera_merlin_slave_translator:nios2_qsys_0_jtag_debug_module_translator|av_readdata_pre[18]                                                                                                                                                                                                                                                                                                   ; 2       ;
; nios_system:u0|nios_system_nios2_qsys_0:nios2_qsys_0|W_rf_wr_data[14]~15                                                                                                                                                                                                                                                                                                                                      ; 2       ;
; nios_system:u0|nios_system_onchip_memory2_0:onchip_memory2_0|altsyncram:the_altsyncram|altsyncram_8391:auto_generated|altsyncram:ram_block1a0|altsyncram_rau2:auto_generated|mux_4kb:mux2|result_node[20]~84                                                                                                                                                                                                  ; 2       ;
; nios_system:u0|altera_merlin_slave_translator:nios2_qsys_0_jtag_debug_module_translator|av_readdata_pre[20]                                                                                                                                                                                                                                                                                                   ; 2       ;
; nios_system:u0|nios_system_onchip_memory2_0:onchip_memory2_0|altsyncram:the_altsyncram|altsyncram_8391:auto_generated|altsyncram:ram_block1a0|altsyncram_rau2:auto_generated|mux_4kb:mux2|result_node[19]~80                                                                                                                                                                                                  ; 2       ;
; nios_system:u0|altera_merlin_slave_translator:nios2_qsys_0_jtag_debug_module_translator|av_readdata_pre[19]                                                                                                                                                                                                                                                                                                   ; 2       ;
; nios_system:u0|nios_system_nios2_qsys_0:nios2_qsys_0|W_rf_wr_data[15]~14                                                                                                                                                                                                                                                                                                                                      ; 2       ;
; nios_system:u0|nios_system_onchip_memory2_0:onchip_memory2_0|altsyncram:the_altsyncram|altsyncram_8391:auto_generated|altsyncram:ram_block1a0|altsyncram_rau2:auto_generated|mux_4kb:mux2|result_node[21]~76                                                                                                                                                                                                  ; 2       ;
; nios_system:u0|altera_merlin_slave_translator:nios2_qsys_0_jtag_debug_module_translator|av_readdata_pre[21]                                                                                                                                                                                                                                                                                                   ; 2       ;
; nios_system:u0|nios_system_nios2_qsys_0:nios2_qsys_0|W_rf_wr_data[2]~13                                                                                                                                                                                                                                                                                                                                       ; 2       ;
; nios_system:u0|nios_system_nios2_qsys_0:nios2_qsys_0|W_rf_wr_data[3]~12                                                                                                                                                                                                                                                                                                                                       ; 2       ;
; nios_system:u0|nios_system_nios2_qsys_0:nios2_qsys_0|W_rf_wr_data[4]~11                                                                                                                                                                                                                                                                                                                                       ; 2       ;
; nios_system:u0|nios_system_onchip_memory2_0:onchip_memory2_0|altsyncram:the_altsyncram|altsyncram_8391:auto_generated|altsyncram:ram_block1a0|altsyncram_rau2:auto_generated|mux_4kb:mux2|result_node[9]~72                                                                                                                                                                                                   ; 2       ;
; nios_system:u0|altera_merlin_slave_translator:nios2_qsys_0_jtag_debug_module_translator|av_readdata_pre[9]                                                                                                                                                                                                                                                                                                    ; 2       ;
; nios_system:u0|nios_system_nios2_qsys_0:nios2_qsys_0|W_rf_wr_data[5]~10                                                                                                                                                                                                                                                                                                                                       ; 2       ;
; nios_system:u0|nios_system_onchip_memory2_0:onchip_memory2_0|altsyncram:the_altsyncram|altsyncram_8391:auto_generated|altsyncram:ram_block1a0|altsyncram_rau2:auto_generated|mux_4kb:mux2|result_node[10]~68                                                                                                                                                                                                  ; 2       ;
; nios_system:u0|altera_merlin_slave_translator:nios2_qsys_0_jtag_debug_module_translator|av_readdata_pre[10]                                                                                                                                                                                                                                                                                                   ; 2       ;
; nios_system:u0|nios_system_nios2_qsys_0:nios2_qsys_0|W_rf_wr_data[6]~9                                                                                                                                                                                                                                                                                                                                        ; 2       ;
; nios_system:u0|nios_system_nios2_qsys_0:nios2_qsys_0|W_rf_wr_data[8]~8                                                                                                                                                                                                                                                                                                                                        ; 2       ;
; nios_system:u0|nios_system_nios2_qsys_0:nios2_qsys_0|W_rf_wr_data[9]~7                                                                                                                                                                                                                                                                                                                                        ; 2       ;
; nios_system:u0|nios_system_nios2_qsys_0:nios2_qsys_0|W_rf_wr_data[10]~6                                                                                                                                                                                                                                                                                                                                       ; 2       ;
; nios_system:u0|nios_system_nios2_qsys_0:nios2_qsys_0|D_ctrl_force_src2_zero~4                                                                                                                                                                                                                                                                                                                                 ; 2       ;
; nios_system:u0|nios_system_nios2_qsys_0:nios2_qsys_0|W_rf_wr_data[11]~5                                                                                                                                                                                                                                                                                                                                       ; 2       ;
; nios_system:u0|nios_system_onchip_memory2_0:onchip_memory2_0|altsyncram:the_altsyncram|altsyncram_8391:auto_generated|altsyncram:ram_block1a0|altsyncram_rau2:auto_generated|mux_4kb:mux2|result_node[17]~64                                                                                                                                                                                                  ; 2       ;
; nios_system:u0|altera_merlin_slave_translator:nios2_qsys_0_jtag_debug_module_translator|av_readdata_pre[17]                                                                                                                                                                                                                                                                                                   ; 2       ;
; nios_system:u0|nios_system_nios2_qsys_0:nios2_qsys_0|W_rf_wr_data[1]~4                                                                                                                                                                                                                                                                                                                                        ; 2       ;
; nios_system:u0|nios_system_nios2_qsys_0:nios2_qsys_0|nios_system_nios2_qsys_0_nios2_oci:the_nios_system_nios2_qsys_0_nios2_oci|nios_system_nios2_qsys_0_jtag_debug_module_wrapper:the_nios_system_nios2_qsys_0_jtag_debug_module_wrapper|nios_system_nios2_qsys_0_jtag_debug_module_sysclk:the_nios_system_nios2_qsys_0_jtag_debug_module_sysclk|jdo[8]                                                       ; 2       ;
; nios_system:u0|nios_system_nios2_qsys_0:nios2_qsys_0|nios_system_nios2_qsys_0_nios2_oci:the_nios_system_nios2_qsys_0_nios2_oci|nios_system_nios2_qsys_0_jtag_debug_module_wrapper:the_nios_system_nios2_qsys_0_jtag_debug_module_wrapper|nios_system_nios2_qsys_0_jtag_debug_module_tck:the_nios_system_nios2_qsys_0_jtag_debug_module_tck|sr[8]                                                              ; 2       ;
; nios_system:u0|nios_system_nios2_qsys_0:nios2_qsys_0|nios_system_nios2_qsys_0_nios2_oci:the_nios_system_nios2_qsys_0_nios2_oci|nios_system_nios2_qsys_0_nios2_ocimem:the_nios_system_nios2_qsys_0_nios2_ocimem|MonDReg[6]                                                                                                                                                                                     ; 2       ;
; nios_system:u0|nios_system_nios2_qsys_0:nios2_qsys_0|W_rf_wr_data[7]~3                                                                                                                                                                                                                                                                                                                                        ; 2       ;
; nios_system:u0|nios_system_nios2_qsys_0:nios2_qsys_0|av_ld_byte0_data[7]                                                                                                                                                                                                                                                                                                                                      ; 2       ;
; nios_system:u0|nios_system_jtag_uart_0:jtag_uart_0|alt_jtag_atlantic:nios_system_jtag_uart_0_alt_jtag_atlantic|td_shift[6]                                                                                                                                                                                                                                                                                    ; 2       ;
; nios_system:u0|nios_system_jtag_uart_0:jtag_uart_0|alt_jtag_atlantic:nios_system_jtag_uart_0_alt_jtag_atlantic|write                                                                                                                                                                                                                                                                                          ; 2       ;
; nios_system:u0|nios_system_nios2_qsys_0:nios2_qsys_0|nios_system_nios2_qsys_0_nios2_oci:the_nios_system_nios2_qsys_0_nios2_oci|nios_system_nios2_qsys_0_nios2_oci_debug:the_nios_system_nios2_qsys_0_nios2_oci_debug|monitor_go                                                                                                                                                                               ; 2       ;
; nios_system:u0|nios_system_nios2_qsys_0:nios2_qsys_0|nios_system_nios2_qsys_0_nios2_oci:the_nios_system_nios2_qsys_0_nios2_oci|nios_system_nios2_qsys_0_nios2_avalon_reg:the_nios_system_nios2_qsys_0_nios2_avalon_reg|take_action_oci_intr_mask_reg~0                                                                                                                                                        ; 2       ;
; nios_system:u0|nios_system_jtag_uart_0:jtag_uart_0|alt_jtag_atlantic:nios_system_jtag_uart_0_alt_jtag_atlantic|t_pause~reg0                                                                                                                                                                                                                                                                                   ; 2       ;
; nios_system:u0|nios_system_onchip_memory2_0:onchip_memory2_0|altsyncram:the_altsyncram|altsyncram_8391:auto_generated|altsyncram:ram_block1a0|altsyncram_rau2:auto_generated|mux_4kb:mux2|result_node[6]~60                                                                                                                                                                                                   ; 2       ;
; nios_system:u0|altera_merlin_slave_translator:nios2_qsys_0_jtag_debug_module_translator|av_readdata_pre[6]                                                                                                                                                                                                                                                                                                    ; 2       ;
; nios_system:u0|nios_system_onchip_memory2_0:onchip_memory2_0|altsyncram:the_altsyncram|altsyncram_8391:auto_generated|altsyncram:ram_block1a0|altsyncram_rau2:auto_generated|mux_4kb:mux2|result_node[7]~56                                                                                                                                                                                                   ; 2       ;
; nios_system:u0|altera_merlin_slave_translator:nios2_qsys_0_jtag_debug_module_translator|av_readdata_pre[7]                                                                                                                                                                                                                                                                                                    ; 2       ;
; nios_system:u0|nios_system_onchip_memory2_0:onchip_memory2_0|altsyncram:the_altsyncram|altsyncram_8391:auto_generated|altsyncram:ram_block1a0|altsyncram_rau2:auto_generated|mux_4kb:mux2|result_node[8]~52                                                                                                                                                                                                   ; 2       ;
; nios_system:u0|altera_merlin_slave_translator:nios2_qsys_0_jtag_debug_module_translator|av_readdata_pre[8]                                                                                                                                                                                                                                                                                                    ; 2       ;
; nios_system:u0|nios_system_nios2_qsys_0:nios2_qsys_0|nios_system_nios2_qsys_0_nios2_oci:the_nios_system_nios2_qsys_0_nios2_oci|nios_system_nios2_qsys_0_jtag_debug_module_wrapper:the_nios_system_nios2_qsys_0_jtag_debug_module_wrapper|nios_system_nios2_qsys_0_jtag_debug_module_tck:the_nios_system_nios2_qsys_0_jtag_debug_module_tck|sr[20]                                                             ; 2       ;
; nios_system:u0|nios_system_nios2_qsys_0:nios2_qsys_0|nios_system_nios2_qsys_0_nios2_oci:the_nios_system_nios2_qsys_0_nios2_oci|nios_system_nios2_qsys_0_jtag_debug_module_wrapper:the_nios_system_nios2_qsys_0_jtag_debug_module_wrapper|nios_system_nios2_qsys_0_jtag_debug_module_tck:the_nios_system_nios2_qsys_0_jtag_debug_module_tck|sr[21]                                                             ; 2       ;
; nios_system:u0|nios_system_nios2_qsys_0:nios2_qsys_0|nios_system_nios2_qsys_0_nios2_oci:the_nios_system_nios2_qsys_0_nios2_oci|nios_system_nios2_qsys_0_nios2_oci_debug:the_nios_system_nios2_qsys_0_nios2_oci_debug|resetlatch                                                                                                                                                                               ; 2       ;
; nios_system:u0|nios_system_nios2_qsys_0:nios2_qsys_0|nios_system_nios2_qsys_0_nios2_oci:the_nios_system_nios2_qsys_0_nios2_oci|nios_system_nios2_qsys_0_nios2_ocimem:the_nios_system_nios2_qsys_0_nios2_ocimem|MonDReg[31]                                                                                                                                                                                    ; 2       ;
; nios_system:u0|nios_system_nios2_qsys_0:nios2_qsys_0|nios_system_nios2_qsys_0_nios2_oci:the_nios_system_nios2_qsys_0_nios2_oci|nios_system_nios2_qsys_0_nios2_ocimem:the_nios_system_nios2_qsys_0_nios2_ocimem|MonDReg[30]                                                                                                                                                                                    ; 2       ;
; nios_system:u0|nios_system_nios2_qsys_0:nios2_qsys_0|nios_system_nios2_qsys_0_nios2_oci:the_nios_system_nios2_qsys_0_nios2_oci|nios_system_nios2_qsys_0_nios2_ocimem:the_nios_system_nios2_qsys_0_nios2_ocimem|MonDReg[28]                                                                                                                                                                                    ; 2       ;
; nios_system:u0|nios_system_nios2_qsys_0:nios2_qsys_0|nios_system_nios2_qsys_0_nios2_oci:the_nios_system_nios2_qsys_0_nios2_oci|nios_system_nios2_qsys_0_nios2_ocimem:the_nios_system_nios2_qsys_0_nios2_ocimem|MonDReg[27]                                                                                                                                                                                    ; 2       ;
; nios_system:u0|nios_system_nios2_qsys_0:nios2_qsys_0|nios_system_nios2_qsys_0_nios2_oci:the_nios_system_nios2_qsys_0_nios2_oci|nios_system_nios2_qsys_0_nios2_ocimem:the_nios_system_nios2_qsys_0_nios2_ocimem|MonDReg[26]                                                                                                                                                                                    ; 2       ;
; nios_system:u0|nios_system_nios2_qsys_0:nios2_qsys_0|nios_system_nios2_qsys_0_nios2_oci:the_nios_system_nios2_qsys_0_nios2_oci|nios_system_nios2_qsys_0_nios2_ocimem:the_nios_system_nios2_qsys_0_nios2_ocimem|MonDReg[25]                                                                                                                                                                                    ; 2       ;
; nios_system:u0|nios_system_nios2_qsys_0:nios2_qsys_0|nios_system_nios2_qsys_0_nios2_oci:the_nios_system_nios2_qsys_0_nios2_oci|nios_system_nios2_qsys_0_nios2_ocimem:the_nios_system_nios2_qsys_0_nios2_ocimem|MonDReg[16]                                                                                                                                                                                    ; 2       ;
; nios_system:u0|nios_system_nios2_qsys_0:nios2_qsys_0|nios_system_nios2_qsys_0_nios2_oci:the_nios_system_nios2_qsys_0_nios2_oci|nios_system_nios2_qsys_0_jtag_debug_module_wrapper:the_nios_system_nios2_qsys_0_jtag_debug_module_wrapper|nios_system_nios2_qsys_0_jtag_debug_module_tck:the_nios_system_nios2_qsys_0_jtag_debug_module_tck|sr[18]                                                             ; 2       ;
; nios_system:u0|nios_system_nios2_qsys_0:nios2_qsys_0|D_iw[26]                                                                                                                                                                                                                                                                                                                                                 ; 2       ;
; nios_system:u0|nios_system_nios2_qsys_0:nios2_qsys_0|D_iw[25]                                                                                                                                                                                                                                                                                                                                                 ; 2       ;
; nios_system:u0|nios_system_nios2_qsys_0:nios2_qsys_0|D_iw[24]                                                                                                                                                                                                                                                                                                                                                 ; 2       ;
; nios_system:u0|nios_system_nios2_qsys_0:nios2_qsys_0|D_iw[23]                                                                                                                                                                                                                                                                                                                                                 ; 2       ;
; nios_system:u0|nios_system_nios2_qsys_0:nios2_qsys_0|D_iw[22]                                                                                                                                                                                                                                                                                                                                                 ; 2       ;
; nios_system:u0|nios_system_nios2_qsys_0:nios2_qsys_0|R_dst_regnum[4]                                                                                                                                                                                                                                                                                                                                          ; 2       ;
; nios_system:u0|nios_system_nios2_qsys_0:nios2_qsys_0|R_dst_regnum[3]                                                                                                                                                                                                                                                                                                                                          ; 2       ;
; nios_system:u0|nios_system_nios2_qsys_0:nios2_qsys_0|R_dst_regnum[2]                                                                                                                                                                                                                                                                                                                                          ; 2       ;
; nios_system:u0|nios_system_nios2_qsys_0:nios2_qsys_0|R_dst_regnum[1]                                                                                                                                                                                                                                                                                                                                          ; 2       ;
; nios_system:u0|nios_system_nios2_qsys_0:nios2_qsys_0|R_dst_regnum[0]                                                                                                                                                                                                                                                                                                                                          ; 2       ;
; nios_system:u0|nios_system_nios2_qsys_0:nios2_qsys_0|W_rf_wr_data[0]~2                                                                                                                                                                                                                                                                                                                                        ; 2       ;
; nios_system:u0|nios_system_nios2_qsys_0:nios2_qsys_0|W_rf_wren                                                                                                                                                                                                                                                                                                                                                ; 2       ;
; nios_system:u0|nios_system_cmd_xbar_mux:cmd_xbar_mux_001|altera_merlin_arbitrator:arb|grant[0]~1                                                                                                                                                                                                                                                                                                              ; 2       ;
; nios_system:u0|nios_system_nios2_qsys_0:nios2_qsys_0|D_ctrl_exception~5                                                                                                                                                                                                                                                                                                                                       ; 2       ;
; nios_system:u0|nios_system_nios2_qsys_0:nios2_qsys_0|Equal2~8                                                                                                                                                                                                                                                                                                                                                 ; 2       ;
; nios_system:u0|nios_system_nios2_qsys_0:nios2_qsys_0|Equal101~9                                                                                                                                                                                                                                                                                                                                               ; 2       ;
; nios_system:u0|nios_system_nios2_qsys_0:nios2_qsys_0|D_ctrl_exception~2                                                                                                                                                                                                                                                                                                                                       ; 2       ;
; nios_system:u0|nios_system_nios2_qsys_0:nios2_qsys_0|E_logic_result[30]~32                                                                                                                                                                                                                                                                                                                                    ; 2       ;
; nios_system:u0|nios_system_nios2_qsys_0:nios2_qsys_0|E_logic_result[24]~31                                                                                                                                                                                                                                                                                                                                    ; 2       ;
; nios_system:u0|nios_system_nios2_qsys_0:nios2_qsys_0|E_logic_result[1]~30                                                                                                                                                                                                                                                                                                                                     ; 2       ;
; nios_system:u0|nios_system_nios2_qsys_0:nios2_qsys_0|E_logic_result[16]~29                                                                                                                                                                                                                                                                                                                                    ; 2       ;
; nios_system:u0|nios_system_nios2_qsys_0:nios2_qsys_0|E_logic_result[17]~28                                                                                                                                                                                                                                                                                                                                    ; 2       ;
; nios_system:u0|nios_system_nios2_qsys_0:nios2_qsys_0|E_logic_result[18]~27                                                                                                                                                                                                                                                                                                                                    ; 2       ;
; nios_system:u0|nios_system_nios2_qsys_0:nios2_qsys_0|E_logic_result[19]~26                                                                                                                                                                                                                                                                                                                                    ; 2       ;
; nios_system:u0|nios_system_nios2_qsys_0:nios2_qsys_0|E_logic_result[20]~25                                                                                                                                                                                                                                                                                                                                    ; 2       ;
; nios_system:u0|nios_system_nios2_qsys_0:nios2_qsys_0|E_logic_result[21]~24                                                                                                                                                                                                                                                                                                                                    ; 2       ;
; nios_system:u0|nios_system_nios2_qsys_0:nios2_qsys_0|E_logic_result[22]~23                                                                                                                                                                                                                                                                                                                                    ; 2       ;
; nios_system:u0|nios_system_nios2_qsys_0:nios2_qsys_0|E_logic_result[23]~22                                                                                                                                                                                                                                                                                                                                    ; 2       ;
; nios_system:u0|nios_system_nios2_qsys_0:nios2_qsys_0|E_logic_result[25]~21                                                                                                                                                                                                                                                                                                                                    ; 2       ;
; nios_system:u0|nios_system_nios2_qsys_0:nios2_qsys_0|E_logic_result[26]~20                                                                                                                                                                                                                                                                                                                                    ; 2       ;
; nios_system:u0|nios_system_nios2_qsys_0:nios2_qsys_0|E_logic_result[27]~19                                                                                                                                                                                                                                                                                                                                    ; 2       ;
; nios_system:u0|nios_system_nios2_qsys_0:nios2_qsys_0|E_logic_result[28]~18                                                                                                                                                                                                                                                                                                                                    ; 2       ;
; nios_system:u0|nios_system_nios2_qsys_0:nios2_qsys_0|E_logic_result[29]~17                                                                                                                                                                                                                                                                                                                                    ; 2       ;
; nios_system:u0|nios_system_nios2_qsys_0:nios2_qsys_0|E_logic_result[31]~16                                                                                                                                                                                                                                                                                                                                    ; 2       ;
; nios_system:u0|nios_system_nios2_qsys_0:nios2_qsys_0|E_logic_result[0]~15                                                                                                                                                                                                                                                                                                                                     ; 2       ;
; nios_system:u0|nios_system_nios2_qsys_0:nios2_qsys_0|E_arith_src1[31]                                                                                                                                                                                                                                                                                                                                         ; 2       ;
; nios_system:u0|nios_system_nios2_qsys_0:nios2_qsys_0|E_arith_src2[31]                                                                                                                                                                                                                                                                                                                                         ; 2       ;
; nios_system:u0|nios_system_nios2_qsys_0:nios2_qsys_0|E_invert_arith_src_msb                                                                                                                                                                                                                                                                                                                                   ; 2       ;
; nios_system:u0|nios_system_nios2_qsys_0:nios2_qsys_0|E_src2[31]                                                                                                                                                                                                                                                                                                                                               ; 2       ;
; nios_system:u0|nios_system_nios2_qsys_0:nios2_qsys_0|D_ctrl_uncond_cti_non_br~0                                                                                                                                                                                                                                                                                                                               ; 2       ;
; nios_system:u0|nios_system_nios2_qsys_0:nios2_qsys_0|D_ctrl_jmp_direct~0                                                                                                                                                                                                                                                                                                                                      ; 2       ;
; nios_system:u0|nios_system_nios2_qsys_0:nios2_qsys_0|D_ctrl_alu_subtract~5                                                                                                                                                                                                                                                                                                                                    ; 2       ;
; nios_system:u0|nios_system_nios2_qsys_0:nios2_qsys_0|D_ctrl_alu_force_xor~8                                                                                                                                                                                                                                                                                                                                   ; 2       ;
; nios_system:u0|nios_system_cmd_xbar_mux:cmd_xbar_mux|altera_merlin_arbitrator:arb|top_priority_reg[0]~0                                                                                                                                                                                                                                                                                                       ; 2       ;
; nios_system:u0|nios_system_nios2_qsys_0:nios2_qsys_0|nios_system_nios2_qsys_0_nios2_oci:the_nios_system_nios2_qsys_0_nios2_oci|writedata[3]                                                                                                                                                                                                                                                                   ; 2       ;
; nios_system:u0|nios_system_nios2_qsys_0:nios2_qsys_0|nios_system_nios2_qsys_0_nios2_oci:the_nios_system_nios2_qsys_0_nios2_oci|nios_system_nios2_qsys_0_jtag_debug_module_wrapper:the_nios_system_nios2_qsys_0_jtag_debug_module_wrapper|nios_system_nios2_qsys_0_jtag_debug_module_sysclk:the_nios_system_nios2_qsys_0_jtag_debug_module_sysclk|jdo[7]                                                       ; 2       ;
; nios_system:u0|nios_system_nios2_qsys_0:nios2_qsys_0|nios_system_nios2_qsys_0_nios2_oci:the_nios_system_nios2_qsys_0_nios2_oci|nios_system_nios2_qsys_0_nios2_ocimem:the_nios_system_nios2_qsys_0_nios2_ocimem|Equal0~0                                                                                                                                                                                       ; 2       ;
; nios_system:u0|nios_system_jtag_uart_0:jtag_uart_0|woverflow~0                                                                                                                                                                                                                                                                                                                                                ; 2       ;
; nios_system:u0|nios_system_jtag_uart_0:jtag_uart_0|always2~0                                                                                                                                                                                                                                                                                                                                                  ; 2       ;
; nios_system:u0|nios_system_jtag_uart_0:jtag_uart_0|alt_jtag_atlantic:nios_system_jtag_uart_0_alt_jtag_atlantic|td_shift[5]                                                                                                                                                                                                                                                                                    ; 2       ;
; nios_system:u0|nios_system_jtag_uart_0:jtag_uart_0|alt_jtag_atlantic:nios_system_jtag_uart_0_alt_jtag_atlantic|t_ena~0                                                                                                                                                                                                                                                                                        ; 2       ;
; nios_system:u0|nios_system_jtag_uart_0:jtag_uart_0|alt_jtag_atlantic:nios_system_jtag_uart_0_alt_jtag_atlantic|always2~0                                                                                                                                                                                                                                                                                      ; 2       ;
; nios_system:u0|nios_system_jtag_uart_0:jtag_uart_0|alt_jtag_atlantic:nios_system_jtag_uart_0_alt_jtag_atlantic|write1                                                                                                                                                                                                                                                                                         ; 2       ;
; nios_system:u0|altera_avalon_sc_fifo:jtag_uart_0_avalon_jtag_slave_translator_avalon_universal_slave_0_agent_rsp_fifo|mem~2                                                                                                                                                                                                                                                                                   ; 2       ;
; nios_system:u0|nios_system_cmd_xbar_mux:cmd_xbar_mux_001|altera_merlin_arbitrator:arb|grant[1]~0                                                                                                                                                                                                                                                                                                              ; 2       ;
; nios_system:u0|nios_system_cmd_xbar_mux:cmd_xbar_mux_001|altera_merlin_arbitrator:arb|top_priority_reg[0]                                                                                                                                                                                                                                                                                                     ; 2       ;
; nios_system:u0|nios_system_cmd_xbar_mux:cmd_xbar_mux_001|altera_merlin_arbitrator:arb|top_priority_reg[1]                                                                                                                                                                                                                                                                                                     ; 2       ;
; nios_system:u0|nios_system_cmd_xbar_demux_001:cmd_xbar_demux_001|src1_valid~0                                                                                                                                                                                                                                                                                                                                 ; 2       ;
; nios_system:u0|nios_system_nios2_qsys_0:nios2_qsys_0|d_writedata[15]                                                                                                                                                                                                                                                                                                                                          ; 2       ;
; nios_system:u0|nios_system_nios2_qsys_0:nios2_qsys_0|d_writedata[13]                                                                                                                                                                                                                                                                                                                                          ; 2       ;
; nios_system:u0|nios_system_nios2_qsys_0:nios2_qsys_0|d_writedata[14]                                                                                                                                                                                                                                                                                                                                          ; 2       ;
; nios_system:u0|nios_system_nios2_qsys_0:nios2_qsys_0|d_writedata[12]                                                                                                                                                                                                                                                                                                                                          ; 2       ;
; nios_system:u0|nios_system_nios2_qsys_0:nios2_qsys_0|d_byteenable[2]                                                                                                                                                                                                                                                                                                                                          ; 2       ;
; nios_system:u0|nios_system_nios2_qsys_0:nios2_qsys_0|d_writedata[16]                                                                                                                                                                                                                                                                                                                                          ; 2       ;
; nios_system:u0|altera_avalon_sc_fifo:nios2_qsys_0_jtag_debug_module_translator_avalon_universal_slave_0_agent_rsp_fifo|mem~2                                                                                                                                                                                                                                                                                  ; 2       ;
; nios_system:u0|altera_avalon_sc_fifo:onchip_memory2_0_s1_translator_avalon_universal_slave_0_agent_rsp_fifo|mem~3                                                                                                                                                                                                                                                                                             ; 2       ;
; nios_system:u0|nios_system_nios2_qsys_0:nios2_qsys_0|nios_system_nios2_qsys_0_nios2_oci:the_nios_system_nios2_qsys_0_nios2_oci|nios_system_nios2_qsys_0_nios2_avalon_reg:the_nios_system_nios2_qsys_0_nios2_avalon_reg|oci_ienable[0]                                                                                                                                                                         ; 2       ;
; nios_system:u0|nios_system_jtag_uart_0:jtag_uart_0|av_readdata[8]~0                                                                                                                                                                                                                                                                                                                                           ; 2       ;
; nios_system:u0|nios_system_jtag_uart_0:jtag_uart_0|pause_irq                                                                                                                                                                                                                                                                                                                                                  ; 2       ;
; nios_system:u0|nios_system_jtag_uart_0:jtag_uart_0|ien_AF                                                                                                                                                                                                                                                                                                                                                     ; 2       ;
; nios_system:u0|nios_system_jtag_uart_0:jtag_uart_0|av_readdata[9]                                                                                                                                                                                                                                                                                                                                             ; 2       ;
; nios_system:u0|nios_system_jtag_uart_0:jtag_uart_0|ien_AE                                                                                                                                                                                                                                                                                                                                                     ; 2       ;
; nios_system:u0|nios_system_nios2_qsys_0:nios2_qsys_0|Equal101~4                                                                                                                                                                                                                                                                                                                                               ; 2       ;
; nios_system:u0|nios_system_nios2_qsys_0:nios2_qsys_0|R_ctrl_crst                                                                                                                                                                                                                                                                                                                                              ; 2       ;
; nios_system:u0|nios_system_nios2_qsys_0:nios2_qsys_0|nios_system_nios2_qsys_0_nios2_oci:the_nios_system_nios2_qsys_0_nios2_oci|nios_system_nios2_qsys_0_nios2_oci_debug:the_nios_system_nios2_qsys_0_nios2_oci_debug|altera_std_synchronizer:the_altera_std_synchronizer|dreg[0]                                                                                                                              ; 2       ;
; nios_system:u0|nios_system_nios2_qsys_0:nios2_qsys_0|nios_system_nios2_qsys_0_nios2_oci:the_nios_system_nios2_qsys_0_nios2_oci|nios_system_nios2_qsys_0_nios2_oci_debug:the_nios_system_nios2_qsys_0_nios2_oci_debug|break_on_reset                                                                                                                                                                           ; 2       ;
; nios_system:u0|nios_system_nios2_qsys_0:nios2_qsys_0|d_byteenable[1]                                                                                                                                                                                                                                                                                                                                          ; 2       ;
; nios_system:u0|nios_system_nios2_qsys_0:nios2_qsys_0|d_writedata[11]                                                                                                                                                                                                                                                                                                                                          ; 2       ;
; nios_system:u0|altera_avalon_sc_fifo:onchip_memory2_0_s1_translator_avalon_universal_slave_0_agent_rsp_fifo|mem~2                                                                                                                                                                                                                                                                                             ; 2       ;
; nios_system:u0|altera_avalon_sc_fifo:onchip_memory2_0_s1_translator_avalon_universal_slave_0_agent_rsp_fifo|always0~0                                                                                                                                                                                                                                                                                         ; 2       ;
; nios_system:u0|altera_avalon_sc_fifo:onchip_memory2_0_s1_translator_avalon_universal_slave_0_agent_rsp_fifo|mem~1                                                                                                                                                                                                                                                                                             ; 2       ;
; nios_system:u0|nios_system_cmd_xbar_mux:cmd_xbar_mux_001|src_valid~0                                                                                                                                                                                                                                                                                                                                          ; 2       ;
; nios_system:u0|nios_system_cmd_xbar_demux:cmd_xbar_demux|src0_valid~1                                                                                                                                                                                                                                                                                                                                         ; 2       ;
; nios_system:u0|altera_avalon_sc_fifo:nios2_qsys_0_jtag_debug_module_translator_avalon_universal_slave_0_agent_rsp_fifo|mem~1                                                                                                                                                                                                                                                                                  ; 2       ;
; nios_system:u0|nios_system_nios2_qsys_0:nios2_qsys_0|nios_system_nios2_qsys_0_nios2_oci:the_nios_system_nios2_qsys_0_nios2_oci|nios_system_nios2_qsys_0_nios2_ocimem:the_nios_system_nios2_qsys_0_nios2_ocimem|MonDReg[24]                                                                                                                                                                                    ; 2       ;
; nios_system:u0|nios_system_nios2_qsys_0:nios2_qsys_0|E_logic_result[9]~13                                                                                                                                                                                                                                                                                                                                     ; 2       ;
; nios_system:u0|nios_system_nios2_qsys_0:nios2_qsys_0|nios_system_nios2_qsys_0_nios2_oci:the_nios_system_nios2_qsys_0_nios2_oci|nios_system_nios2_qsys_0_jtag_debug_module_wrapper:the_nios_system_nios2_qsys_0_jtag_debug_module_wrapper|nios_system_nios2_qsys_0_jtag_debug_module_tck:the_nios_system_nios2_qsys_0_jtag_debug_module_tck|sr[33]                                                             ; 2       ;
; nios_system:u0|nios_system_nios2_qsys_0:nios2_qsys_0|E_logic_result[8]~12                                                                                                                                                                                                                                                                                                                                     ; 2       ;
; nios_system:u0|nios_system_nios2_qsys_0:nios2_qsys_0|nios_system_nios2_qsys_0_nios2_oci:the_nios_system_nios2_qsys_0_nios2_oci|nios_system_nios2_qsys_0_jtag_debug_module_wrapper:the_nios_system_nios2_qsys_0_jtag_debug_module_wrapper|nios_system_nios2_qsys_0_jtag_debug_module_tck:the_nios_system_nios2_qsys_0_jtag_debug_module_tck|sr[32]                                                             ; 2       ;
; nios_system:u0|nios_system_nios2_qsys_0:nios2_qsys_0|E_logic_result[7]~11                                                                                                                                                                                                                                                                                                                                     ; 2       ;
; nios_system:u0|nios_system_nios2_qsys_0:nios2_qsys_0|E_logic_result[6]~10                                                                                                                                                                                                                                                                                                                                     ; 2       ;
; nios_system:u0|nios_system_nios2_qsys_0:nios2_qsys_0|nios_system_nios2_qsys_0_nios2_oci:the_nios_system_nios2_qsys_0_nios2_oci|nios_system_nios2_qsys_0_jtag_debug_module_wrapper:the_nios_system_nios2_qsys_0_jtag_debug_module_wrapper|nios_system_nios2_qsys_0_jtag_debug_module_tck:the_nios_system_nios2_qsys_0_jtag_debug_module_tck|sr[30]                                                             ; 2       ;
; nios_system:u0|nios_system_nios2_qsys_0:nios2_qsys_0|E_arith_result[5]~3                                                                                                                                                                                                                                                                                                                                      ; 2       ;
; nios_system:u0|nios_system_nios2_qsys_0:nios2_qsys_0|E_logic_result[5]~9                                                                                                                                                                                                                                                                                                                                      ; 2       ;
; nios_system:u0|nios_system_nios2_qsys_0:nios2_qsys_0|nios_system_nios2_qsys_0_nios2_oci:the_nios_system_nios2_qsys_0_nios2_oci|nios_system_nios2_qsys_0_jtag_debug_module_wrapper:the_nios_system_nios2_qsys_0_jtag_debug_module_wrapper|nios_system_nios2_qsys_0_jtag_debug_module_tck:the_nios_system_nios2_qsys_0_jtag_debug_module_tck|sr[29]                                                             ; 2       ;
; nios_system:u0|nios_system_nios2_qsys_0:nios2_qsys_0|E_logic_result[4]~8                                                                                                                                                                                                                                                                                                                                      ; 2       ;
; nios_system:u0|nios_system_nios2_qsys_0:nios2_qsys_0|nios_system_nios2_qsys_0_nios2_oci:the_nios_system_nios2_qsys_0_nios2_oci|nios_system_nios2_qsys_0_jtag_debug_module_wrapper:the_nios_system_nios2_qsys_0_jtag_debug_module_wrapper|nios_system_nios2_qsys_0_jtag_debug_module_tck:the_nios_system_nios2_qsys_0_jtag_debug_module_tck|sr[28]                                                             ; 2       ;
; nios_system:u0|nios_system_nios2_qsys_0:nios2_qsys_0|E_logic_result[3]~7                                                                                                                                                                                                                                                                                                                                      ; 2       ;
; nios_system:u0|nios_system_nios2_qsys_0:nios2_qsys_0|nios_system_nios2_qsys_0_nios2_oci:the_nios_system_nios2_qsys_0_nios2_oci|nios_system_nios2_qsys_0_jtag_debug_module_wrapper:the_nios_system_nios2_qsys_0_jtag_debug_module_wrapper|nios_system_nios2_qsys_0_jtag_debug_module_tck:the_nios_system_nios2_qsys_0_jtag_debug_module_tck|sr[27]                                                             ; 2       ;
; nios_system:u0|nios_system_nios2_qsys_0:nios2_qsys_0|E_logic_result[2]~6                                                                                                                                                                                                                                                                                                                                      ; 2       ;
; nios_system:u0|nios_system_nios2_qsys_0:nios2_qsys_0|nios_system_nios2_qsys_0_nios2_oci:the_nios_system_nios2_qsys_0_nios2_oci|nios_system_nios2_qsys_0_jtag_debug_module_wrapper:the_nios_system_nios2_qsys_0_jtag_debug_module_wrapper|nios_system_nios2_qsys_0_jtag_debug_module_tck:the_nios_system_nios2_qsys_0_jtag_debug_module_tck|sr[26]                                                             ; 2       ;
; nios_system:u0|nios_system_nios2_qsys_0:nios2_qsys_0|nios_system_nios2_qsys_0_nios2_oci:the_nios_system_nios2_qsys_0_nios2_oci|nios_system_nios2_qsys_0_jtag_debug_module_wrapper:the_nios_system_nios2_qsys_0_jtag_debug_module_wrapper|nios_system_nios2_qsys_0_jtag_debug_module_tck:the_nios_system_nios2_qsys_0_jtag_debug_module_tck|sr[17]                                                             ; 2       ;
; nios_system:u0|nios_system_nios2_qsys_0:nios2_qsys_0|E_logic_result[10]~5                                                                                                                                                                                                                                                                                                                                     ; 2       ;
; nios_system:u0|nios_system_nios2_qsys_0:nios2_qsys_0|R_ctrl_br                                                                                                                                                                                                                                                                                                                                                ; 2       ;
; nios_system:u0|nios_system_nios2_qsys_0:nios2_qsys_0|W_cmp_result                                                                                                                                                                                                                                                                                                                                             ; 2       ;
; nios_system:u0|nios_system_nios2_qsys_0:nios2_qsys_0|E_logic_result[12]~4                                                                                                                                                                                                                                                                                                                                     ; 2       ;
; nios_system:u0|nios_system_nios2_qsys_0:nios2_qsys_0|E_logic_result[13]~3                                                                                                                                                                                                                                                                                                                                     ; 2       ;
; nios_system:u0|nios_system_nios2_qsys_0:nios2_qsys_0|E_arith_result[14]~2                                                                                                                                                                                                                                                                                                                                     ; 2       ;
; nios_system:u0|nios_system_nios2_qsys_0:nios2_qsys_0|E_logic_result[14]~2                                                                                                                                                                                                                                                                                                                                     ; 2       ;
; nios_system:u0|nios_system_nios2_qsys_0:nios2_qsys_0|E_arith_result[15]~1                                                                                                                                                                                                                                                                                                                                     ; 2       ;
; nios_system:u0|nios_system_nios2_qsys_0:nios2_qsys_0|E_logic_result[15]~1                                                                                                                                                                                                                                                                                                                                     ; 2       ;
; nios_system:u0|nios_system_nios2_qsys_0:nios2_qsys_0|E_arith_result[11]~0                                                                                                                                                                                                                                                                                                                                     ; 2       ;
; nios_system:u0|nios_system_nios2_qsys_0:nios2_qsys_0|E_logic_result[11]~0                                                                                                                                                                                                                                                                                                                                     ; 2       ;
; nios_system:u0|nios_system_cmd_xbar_mux:cmd_xbar_mux|altera_merlin_arbitrator:arb|grant[0]~1                                                                                                                                                                                                                                                                                                                  ; 2       ;
; nios_system:u0|nios_system_nios2_qsys_0:nios2_qsys_0|nios_system_nios2_qsys_0_nios2_oci:the_nios_system_nios2_qsys_0_nios2_oci|nios_system_nios2_qsys_0_nios2_ocimem:the_nios_system_nios2_qsys_0_nios2_ocimem|avalon_ociram_readdata_ready                                                                                                                                                                   ; 2       ;
; nios_system:u0|nios_system_cmd_xbar_mux:cmd_xbar_mux|altera_merlin_arbitrator:arb|grant[1]~0                                                                                                                                                                                                                                                                                                                  ; 2       ;
; nios_system:u0|nios_system_cmd_xbar_mux:cmd_xbar_mux|altera_merlin_arbitrator:arb|top_priority_reg[0]                                                                                                                                                                                                                                                                                                         ; 2       ;
; nios_system:u0|nios_system_cmd_xbar_mux:cmd_xbar_mux|altera_merlin_arbitrator:arb|top_priority_reg[1]                                                                                                                                                                                                                                                                                                         ; 2       ;
; nios_system:u0|nios_system_nios2_qsys_0:nios2_qsys_0|nios_system_nios2_qsys_0_nios2_oci:the_nios_system_nios2_qsys_0_nios2_oci|nios_system_nios2_qsys_0_jtag_debug_module_wrapper:the_nios_system_nios2_qsys_0_jtag_debug_module_wrapper|nios_system_nios2_qsys_0_jtag_debug_module_sysclk:the_nios_system_nios2_qsys_0_jtag_debug_module_sysclk|jdo[6]                                                       ; 2       ;
; nios_system:u0|nios_system_nios2_qsys_0:nios2_qsys_0|nios_system_nios2_qsys_0_nios2_oci:the_nios_system_nios2_qsys_0_nios2_oci|nios_system_nios2_qsys_0_jtag_debug_module_wrapper:the_nios_system_nios2_qsys_0_jtag_debug_module_wrapper|nios_system_nios2_qsys_0_jtag_debug_module_tck:the_nios_system_nios2_qsys_0_jtag_debug_module_tck|sr[6]                                                              ; 2       ;
; nios_system:u0|nios_system_jtag_uart_0:jtag_uart_0|alt_jtag_atlantic:nios_system_jtag_uart_0_alt_jtag_atlantic|read                                                                                                                                                                                                                                                                                           ; 2       ;
; nios_system:u0|nios_system_jtag_uart_0:jtag_uart_0|fifo_rd~0                                                                                                                                                                                                                                                                                                                                                  ; 2       ;
; nios_system:u0|nios_system_nios2_qsys_0:nios2_qsys_0|E_stall~4                                                                                                                                                                                                                                                                                                                                                ; 2       ;
; nios_system:u0|nios_system_nios2_qsys_0:nios2_qsys_0|av_ld_aligning_data_nxt~2                                                                                                                                                                                                                                                                                                                                ; 2       ;
; nios_system:u0|nios_system_nios2_qsys_0:nios2_qsys_0|av_ld_waiting_for_data_nxt~1                                                                                                                                                                                                                                                                                                                             ; 2       ;
; nios_system:u0|nios_system_nios2_qsys_0:nios2_qsys_0|av_ld_waiting_for_data                                                                                                                                                                                                                                                                                                                                   ; 2       ;
; nios_system:u0|altera_merlin_master_translator:nios2_qsys_0_data_master_translator|av_waitrequest~4                                                                                                                                                                                                                                                                                                           ; 2       ;
; nios_system:u0|altera_merlin_master_translator:nios2_qsys_0_data_master_translator|av_waitrequest~3                                                                                                                                                                                                                                                                                                           ; 2       ;
; nios_system:u0|altera_merlin_master_translator:nios2_qsys_0_data_master_translator|av_waitrequest~2                                                                                                                                                                                                                                                                                                           ; 2       ;
; nios_system:u0|altera_merlin_master_translator:nios2_qsys_0_data_master_translator|end_begintransfer                                                                                                                                                                                                                                                                                                          ; 2       ;
; nios_system:u0|nios_system_onchip_memory2_0:onchip_memory2_0|altsyncram:the_altsyncram|altsyncram_8391:auto_generated|altsyncram:ram_block1a0|altsyncram_rau2:auto_generated|mux_4kb:mux2|result_node[15]~48                                                                                                                                                                                                  ; 2       ;
; nios_system:u0|altera_merlin_slave_translator:nios2_qsys_0_jtag_debug_module_translator|av_readdata_pre[15]                                                                                                                                                                                                                                                                                                   ; 2       ;
; nios_system:u0|nios_system_onchip_memory2_0:onchip_memory2_0|altsyncram:the_altsyncram|altsyncram_8391:auto_generated|altsyncram:ram_block1a0|altsyncram_rau2:auto_generated|mux_4kb:mux2|result_node[13]~44                                                                                                                                                                                                  ; 2       ;
; nios_system:u0|altera_merlin_slave_translator:nios2_qsys_0_jtag_debug_module_translator|av_readdata_pre[13]                                                                                                                                                                                                                                                                                                   ; 2       ;
; nios_system:u0|nios_system_onchip_memory2_0:onchip_memory2_0|altsyncram:the_altsyncram|altsyncram_8391:auto_generated|altsyncram:ram_block1a0|altsyncram_rau2:auto_generated|mux_4kb:mux2|result_node[14]~40                                                                                                                                                                                                  ; 2       ;
; nios_system:u0|altera_merlin_slave_translator:nios2_qsys_0_jtag_debug_module_translator|av_readdata_pre[14]                                                                                                                                                                                                                                                                                                   ; 2       ;
; nios_system:u0|nios_system_onchip_memory2_0:onchip_memory2_0|altsyncram:the_altsyncram|altsyncram_8391:auto_generated|altsyncram:ram_block1a0|altsyncram_rau2:auto_generated|mux_4kb:mux2|result_node[12]~36                                                                                                                                                                                                  ; 2       ;
; nios_system:u0|altera_merlin_slave_translator:nios2_qsys_0_jtag_debug_module_translator|av_readdata_pre[12]                                                                                                                                                                                                                                                                                                   ; 2       ;
; nios_system:u0|nios_system_onchip_memory2_0:onchip_memory2_0|altsyncram:the_altsyncram|altsyncram_8391:auto_generated|altsyncram:ram_block1a0|altsyncram_rau2:auto_generated|mux_4kb:mux2|result_node[2]~32                                                                                                                                                                                                   ; 2       ;
; nios_system:u0|altera_merlin_slave_translator:nios2_qsys_0_jtag_debug_module_translator|av_readdata_pre[2]                                                                                                                                                                                                                                                                                                    ; 2       ;
; nios_system:u0|nios_system_onchip_memory2_0:onchip_memory2_0|altsyncram:the_altsyncram|altsyncram_8391:auto_generated|altsyncram:ram_block1a0|altsyncram_rau2:auto_generated|mux_4kb:mux2|result_node[5]~28                                                                                                                                                                                                   ; 2       ;
; nios_system:u0|altera_merlin_slave_translator:nios2_qsys_0_jtag_debug_module_translator|av_readdata_pre[5]                                                                                                                                                                                                                                                                                                    ; 2       ;
; nios_system:u0|nios_system_onchip_memory2_0:onchip_memory2_0|altsyncram:the_altsyncram|altsyncram_8391:auto_generated|altsyncram:ram_block1a0|altsyncram_rau2:auto_generated|mux_4kb:mux2|result_node[3]~24                                                                                                                                                                                                   ; 2       ;
; nios_system:u0|altera_merlin_slave_translator:nios2_qsys_0_jtag_debug_module_translator|av_readdata_pre[3]                                                                                                                                                                                                                                                                                                    ; 2       ;
; nios_system:u0|nios_system_onchip_memory2_0:onchip_memory2_0|altsyncram:the_altsyncram|altsyncram_8391:auto_generated|altsyncram:ram_block1a0|altsyncram_rau2:auto_generated|mux_4kb:mux2|result_node[4]~20                                                                                                                                                                                                   ; 2       ;
; nios_system:u0|altera_merlin_slave_translator:nios2_qsys_0_jtag_debug_module_translator|av_readdata_pre[4]                                                                                                                                                                                                                                                                                                    ; 2       ;
; nios_system:u0|nios_system_onchip_memory2_0:onchip_memory2_0|altsyncram:the_altsyncram|altsyncram_8391:auto_generated|altsyncram:ram_block1a0|altsyncram_rau2:auto_generated|mux_4kb:mux2|result_node[0]~16                                                                                                                                                                                                   ; 2       ;
; nios_system:u0|altera_merlin_slave_translator:nios2_qsys_0_jtag_debug_module_translator|av_readdata_pre[0]                                                                                                                                                                                                                                                                                                    ; 2       ;
; nios_system:u0|nios_system_onchip_memory2_0:onchip_memory2_0|altsyncram:the_altsyncram|altsyncram_8391:auto_generated|altsyncram:ram_block1a0|altsyncram_rau2:auto_generated|mux_4kb:mux2|result_node[1]~12                                                                                                                                                                                                   ; 2       ;
; nios_system:u0|altera_merlin_slave_translator:nios2_qsys_0_jtag_debug_module_translator|av_readdata_pre[1]                                                                                                                                                                                                                                                                                                    ; 2       ;
; nios_system:u0|nios_system_onchip_memory2_0:onchip_memory2_0|altsyncram:the_altsyncram|altsyncram_8391:auto_generated|altsyncram:ram_block1a0|altsyncram_rau2:auto_generated|mux_4kb:mux2|result_node[16]~8                                                                                                                                                                                                   ; 2       ;
; nios_system:u0|altera_merlin_slave_translator:nios2_qsys_0_jtag_debug_module_translator|av_readdata_pre[16]                                                                                                                                                                                                                                                                                                   ; 2       ;
; nios_system:u0|altera_avalon_sc_fifo:nios2_qsys_0_jtag_debug_module_translator_avalon_universal_slave_0_agent_rsp_fifo|mem[0][54]                                                                                                                                                                                                                                                                             ; 2       ;
; nios_system:u0|altera_avalon_sc_fifo:onchip_memory2_0_s1_translator_avalon_universal_slave_0_agent_rsp_fifo|mem[0][54]                                                                                                                                                                                                                                                                                        ; 2       ;
; nios_system:u0|nios_system_nios2_qsys_0:nios2_qsys_0|W_ipending_reg[0]                                                                                                                                                                                                                                                                                                                                        ; 2       ;
; nios_system:u0|nios_system_nios2_qsys_0:nios2_qsys_0|hbreak_pending                                                                                                                                                                                                                                                                                                                                           ; 2       ;
; nios_system:u0|nios_system_nios2_qsys_0:nios2_qsys_0|wait_for_one_post_bret_inst                                                                                                                                                                                                                                                                                                                              ; 2       ;
; nios_system:u0|nios_system_onchip_memory2_0:onchip_memory2_0|altsyncram:the_altsyncram|altsyncram_8391:auto_generated|altsyncram:ram_block1a0|altsyncram_rau2:auto_generated|mux_4kb:mux2|result_node[11]~4                                                                                                                                                                                                   ; 2       ;
; nios_system:u0|altera_merlin_slave_translator:nios2_qsys_0_jtag_debug_module_translator|av_readdata_pre[11]                                                                                                                                                                                                                                                                                                   ; 2       ;
; nios_system:u0|nios_system_nios2_qsys_0:nios2_qsys_0|nios_system_nios2_qsys_0_nios2_oci:the_nios_system_nios2_qsys_0_nios2_oci|nios_system_nios2_qsys_0_jtag_debug_module_wrapper:the_nios_system_nios2_qsys_0_jtag_debug_module_wrapper|nios_system_nios2_qsys_0_jtag_debug_module_tck:the_nios_system_nios2_qsys_0_jtag_debug_module_tck|sr[25]                                                             ; 2       ;
; nios_system:u0|nios_system_nios2_qsys_0:nios2_qsys_0|nios_system_nios2_qsys_0_nios2_oci:the_nios_system_nios2_qsys_0_nios2_oci|nios_system_nios2_qsys_0_jtag_debug_module_wrapper:the_nios_system_nios2_qsys_0_jtag_debug_module_wrapper|nios_system_nios2_qsys_0_jtag_debug_module_tck:the_nios_system_nios2_qsys_0_jtag_debug_module_tck|sr[34]                                                             ; 2       ;
; nios_system:u0|nios_system_nios2_qsys_0:nios2_qsys_0|d_byteenable[0]                                                                                                                                                                                                                                                                                                                                          ; 2       ;
; nios_system:u0|nios_system_nios2_qsys_0:nios2_qsys_0|nios_system_nios2_qsys_0_nios2_oci:the_nios_system_nios2_qsys_0_nios2_oci|nios_system_nios2_qsys_0_jtag_debug_module_wrapper:the_nios_system_nios2_qsys_0_jtag_debug_module_wrapper|nios_system_nios2_qsys_0_jtag_debug_module_sysclk:the_nios_system_nios2_qsys_0_jtag_debug_module_sysclk|jdo[33]                                                      ; 2       ;
; nios_system:u0|nios_system_nios2_qsys_0:nios2_qsys_0|nios_system_nios2_qsys_0_nios2_oci:the_nios_system_nios2_qsys_0_nios2_oci|nios_system_nios2_qsys_0_jtag_debug_module_wrapper:the_nios_system_nios2_qsys_0_jtag_debug_module_wrapper|nios_system_nios2_qsys_0_jtag_debug_module_sysclk:the_nios_system_nios2_qsys_0_jtag_debug_module_sysclk|jdo[32]                                                      ; 2       ;
; nios_system:u0|altera_avalon_sc_fifo:nios2_qsys_0_jtag_debug_module_translator_avalon_universal_slave_0_agent_rsp_fifo|mem~0                                                                                                                                                                                                                                                                                  ; 2       ;
; nios_system:u0|nios_system_nios2_qsys_0:nios2_qsys_0|F_pc[12]                                                                                                                                                                                                                                                                                                                                                 ; 2       ;
; nios_system:u0|nios_system_nios2_qsys_0:nios2_qsys_0|F_pc[13]                                                                                                                                                                                                                                                                                                                                                 ; 2       ;
; nios_system:u0|nios_system_nios2_qsys_0:nios2_qsys_0|nios_system_nios2_qsys_0_nios2_oci:the_nios_system_nios2_qsys_0_nios2_oci|nios_system_nios2_qsys_0_jtag_debug_module_wrapper:the_nios_system_nios2_qsys_0_jtag_debug_module_wrapper|nios_system_nios2_qsys_0_jtag_debug_module_sysclk:the_nios_system_nios2_qsys_0_jtag_debug_module_sysclk|altera_std_synchronizer:the_altera_std_synchronizer4|dreg[0] ; 2       ;
; nios_system:u0|nios_system_nios2_qsys_0:nios2_qsys_0|nios_system_nios2_qsys_0_nios2_oci:the_nios_system_nios2_qsys_0_nios2_oci|nios_system_nios2_qsys_0_jtag_debug_module_wrapper:the_nios_system_nios2_qsys_0_jtag_debug_module_wrapper|nios_system_nios2_qsys_0_jtag_debug_module_tck:the_nios_system_nios2_qsys_0_jtag_debug_module_tck|sr[37]~21                                                          ; 2       ;
; nios_system:u0|nios_system_nios2_qsys_0:nios2_qsys_0|nios_system_nios2_qsys_0_nios2_oci:the_nios_system_nios2_qsys_0_nios2_oci|nios_system_nios2_qsys_0_jtag_debug_module_wrapper:the_nios_system_nios2_qsys_0_jtag_debug_module_wrapper|nios_system_nios2_qsys_0_jtag_debug_module_sysclk:the_nios_system_nios2_qsys_0_jtag_debug_module_sysclk|altera_std_synchronizer:the_altera_std_synchronizer3|dreg[0] ; 2       ;
; nios_system:u0|nios_system_nios2_qsys_0:nios2_qsys_0|nios_system_nios2_qsys_0_nios2_oci:the_nios_system_nios2_qsys_0_nios2_oci|writedata[1]                                                                                                                                                                                                                                                                   ; 2       ;
; nios_system:u0|nios_system_nios2_qsys_0:nios2_qsys_0|nios_system_nios2_qsys_0_nios2_oci:the_nios_system_nios2_qsys_0_nios2_oci|nios_system_nios2_qsys_0_jtag_debug_module_wrapper:the_nios_system_nios2_qsys_0_jtag_debug_module_wrapper|nios_system_nios2_qsys_0_jtag_debug_module_sysclk:the_nios_system_nios2_qsys_0_jtag_debug_module_sysclk|jdo[5]                                                       ; 2       ;
; nios_system:u0|nios_system_nios2_qsys_0:nios2_qsys_0|nios_system_nios2_qsys_0_nios2_oci:the_nios_system_nios2_qsys_0_nios2_oci|nios_system_nios2_qsys_0_nios2_ocimem:the_nios_system_nios2_qsys_0_nios2_ocimem|MonDReg[3]                                                                                                                                                                                     ; 2       ;
; nios_system:u0|nios_system_nios2_qsys_0:nios2_qsys_0|nios_system_nios2_qsys_0_nios2_oci:the_nios_system_nios2_qsys_0_nios2_oci|nios_system_nios2_qsys_0_jtag_debug_module_wrapper:the_nios_system_nios2_qsys_0_jtag_debug_module_wrapper|nios_system_nios2_qsys_0_jtag_debug_module_tck:the_nios_system_nios2_qsys_0_jtag_debug_module_tck|sr[5]                                                              ; 2       ;
; nios_system:u0|altera_reset_controller:rst_controller|r_sync_rst_chain[1]                                                                                                                                                                                                                                                                                                                                     ; 2       ;
; nios_system:u0|nios_system_jtag_uart_0:jtag_uart_0|alt_jtag_atlantic:nios_system_jtag_uart_0_alt_jtag_atlantic|read1                                                                                                                                                                                                                                                                                          ; 2       ;
; nios_system:u0|nios_system_nios2_qsys_0:nios2_qsys_0|Equal101~3                                                                                                                                                                                                                                                                                                                                               ; 2       ;
; nios_system:u0|nios_system_nios2_qsys_0:nios2_qsys_0|D_ctrl_force_src2_zero~0                                                                                                                                                                                                                                                                                                                                 ; 2       ;
; nios_system:u0|nios_system_nios2_qsys_0:nios2_qsys_0|nios_system_nios2_qsys_0_nios2_oci:the_nios_system_nios2_qsys_0_nios2_oci|nios_system_nios2_qsys_0_nios2_oci_debug:the_nios_system_nios2_qsys_0_nios2_oci_debug|always1~0                                                                                                                                                                                ; 2       ;
; nios_system:u0|nios_system_nios2_qsys_0:nios2_qsys_0|nios_system_nios2_qsys_0_nios2_oci:the_nios_system_nios2_qsys_0_nios2_oci|nios_system_nios2_qsys_0_nios2_avalon_reg:the_nios_system_nios2_qsys_0_nios2_avalon_reg|Equal0~1                                                                                                                                                                               ; 2       ;
; nios_system:u0|nios_system_nios2_qsys_0:nios2_qsys_0|nios_system_nios2_qsys_0_nios2_oci:the_nios_system_nios2_qsys_0_nios2_oci|nios_system_nios2_qsys_0_nios2_avalon_reg:the_nios_system_nios2_qsys_0_nios2_avalon_reg|Equal0~0                                                                                                                                                                               ; 2       ;
; nios_system:u0|nios_system_nios2_qsys_0:nios2_qsys_0|nios_system_nios2_qsys_0_nios2_oci:the_nios_system_nios2_qsys_0_nios2_oci|nios_system_nios2_qsys_0_nios2_ocimem:the_nios_system_nios2_qsys_0_nios2_ocimem|jtag_rd                                                                                                                                                                                        ; 2       ;
; nios_system:u0|nios_system_nios2_qsys_0:nios2_qsys_0|nios_system_nios2_qsys_0_nios2_oci:the_nios_system_nios2_qsys_0_nios2_oci|nios_system_nios2_qsys_0_nios2_ocimem:the_nios_system_nios2_qsys_0_nios2_ocimem|jtag_ram_rd                                                                                                                                                                                    ; 2       ;
; nios_system:u0|nios_system_nios2_qsys_0:nios2_qsys_0|nios_system_nios2_qsys_0_nios2_oci:the_nios_system_nios2_qsys_0_nios2_oci|nios_system_nios2_qsys_0_nios2_ocimem:the_nios_system_nios2_qsys_0_nios2_ocimem|ociram_addr[7]~7                                                                                                                                                                               ; 2       ;
; nios_system:u0|nios_system_nios2_qsys_0:nios2_qsys_0|nios_system_nios2_qsys_0_nios2_oci:the_nios_system_nios2_qsys_0_nios2_oci|address[7]                                                                                                                                                                                                                                                                     ; 2       ;
; nios_system:u0|nios_system_nios2_qsys_0:nios2_qsys_0|nios_system_nios2_qsys_0_nios2_oci:the_nios_system_nios2_qsys_0_nios2_oci|nios_system_nios2_qsys_0_nios2_ocimem:the_nios_system_nios2_qsys_0_nios2_ocimem|MonAReg[9]                                                                                                                                                                                     ; 2       ;
; nios_system:u0|nios_system_nios2_qsys_0:nios2_qsys_0|nios_system_nios2_qsys_0_nios2_oci:the_nios_system_nios2_qsys_0_nios2_oci|nios_system_nios2_qsys_0_nios2_ocimem:the_nios_system_nios2_qsys_0_nios2_ocimem|ociram_addr[6]~6                                                                                                                                                                               ; 2       ;
; nios_system:u0|nios_system_nios2_qsys_0:nios2_qsys_0|nios_system_nios2_qsys_0_nios2_oci:the_nios_system_nios2_qsys_0_nios2_oci|address[6]                                                                                                                                                                                                                                                                     ; 2       ;
; nios_system:u0|nios_system_nios2_qsys_0:nios2_qsys_0|nios_system_nios2_qsys_0_nios2_oci:the_nios_system_nios2_qsys_0_nios2_oci|nios_system_nios2_qsys_0_nios2_ocimem:the_nios_system_nios2_qsys_0_nios2_ocimem|MonAReg[8]                                                                                                                                                                                     ; 2       ;
; nios_system:u0|nios_system_nios2_qsys_0:nios2_qsys_0|nios_system_nios2_qsys_0_nios2_oci:the_nios_system_nios2_qsys_0_nios2_oci|nios_system_nios2_qsys_0_nios2_ocimem:the_nios_system_nios2_qsys_0_nios2_ocimem|ociram_addr[5]~5                                                                                                                                                                               ; 2       ;
; nios_system:u0|nios_system_nios2_qsys_0:nios2_qsys_0|nios_system_nios2_qsys_0_nios2_oci:the_nios_system_nios2_qsys_0_nios2_oci|address[5]                                                                                                                                                                                                                                                                     ; 2       ;
; nios_system:u0|nios_system_nios2_qsys_0:nios2_qsys_0|nios_system_nios2_qsys_0_nios2_oci:the_nios_system_nios2_qsys_0_nios2_oci|nios_system_nios2_qsys_0_nios2_ocimem:the_nios_system_nios2_qsys_0_nios2_ocimem|MonAReg[7]                                                                                                                                                                                     ; 2       ;
; nios_system:u0|nios_system_nios2_qsys_0:nios2_qsys_0|nios_system_nios2_qsys_0_nios2_oci:the_nios_system_nios2_qsys_0_nios2_oci|nios_system_nios2_qsys_0_nios2_ocimem:the_nios_system_nios2_qsys_0_nios2_ocimem|ociram_addr[4]~4                                                                                                                                                                               ; 2       ;
; nios_system:u0|nios_system_nios2_qsys_0:nios2_qsys_0|nios_system_nios2_qsys_0_nios2_oci:the_nios_system_nios2_qsys_0_nios2_oci|address[4]                                                                                                                                                                                                                                                                     ; 2       ;
; nios_system:u0|nios_system_nios2_qsys_0:nios2_qsys_0|nios_system_nios2_qsys_0_nios2_oci:the_nios_system_nios2_qsys_0_nios2_oci|nios_system_nios2_qsys_0_nios2_ocimem:the_nios_system_nios2_qsys_0_nios2_ocimem|MonAReg[6]                                                                                                                                                                                     ; 2       ;
; nios_system:u0|nios_system_nios2_qsys_0:nios2_qsys_0|nios_system_nios2_qsys_0_nios2_oci:the_nios_system_nios2_qsys_0_nios2_oci|nios_system_nios2_qsys_0_nios2_ocimem:the_nios_system_nios2_qsys_0_nios2_ocimem|ociram_addr[3]~3                                                                                                                                                                               ; 2       ;
; nios_system:u0|nios_system_nios2_qsys_0:nios2_qsys_0|nios_system_nios2_qsys_0_nios2_oci:the_nios_system_nios2_qsys_0_nios2_oci|address[3]                                                                                                                                                                                                                                                                     ; 2       ;
; nios_system:u0|nios_system_nios2_qsys_0:nios2_qsys_0|nios_system_nios2_qsys_0_nios2_oci:the_nios_system_nios2_qsys_0_nios2_oci|nios_system_nios2_qsys_0_nios2_ocimem:the_nios_system_nios2_qsys_0_nios2_ocimem|MonAReg[5]                                                                                                                                                                                     ; 2       ;
; nios_system:u0|nios_system_nios2_qsys_0:nios2_qsys_0|nios_system_nios2_qsys_0_nios2_oci:the_nios_system_nios2_qsys_0_nios2_oci|nios_system_nios2_qsys_0_nios2_ocimem:the_nios_system_nios2_qsys_0_nios2_ocimem|ociram_addr[2]~2                                                                                                                                                                               ; 2       ;
; nios_system:u0|nios_system_nios2_qsys_0:nios2_qsys_0|nios_system_nios2_qsys_0_nios2_oci:the_nios_system_nios2_qsys_0_nios2_oci|address[2]                                                                                                                                                                                                                                                                     ; 2       ;
; nios_system:u0|nios_system_nios2_qsys_0:nios2_qsys_0|nios_system_nios2_qsys_0_nios2_oci:the_nios_system_nios2_qsys_0_nios2_oci|nios_system_nios2_qsys_0_nios2_ocimem:the_nios_system_nios2_qsys_0_nios2_ocimem|ociram_addr[1]~1                                                                                                                                                                               ; 2       ;
; nios_system:u0|nios_system_nios2_qsys_0:nios2_qsys_0|nios_system_nios2_qsys_0_nios2_oci:the_nios_system_nios2_qsys_0_nios2_oci|address[1]                                                                                                                                                                                                                                                                     ; 2       ;
; nios_system:u0|nios_system_nios2_qsys_0:nios2_qsys_0|nios_system_nios2_qsys_0_nios2_oci:the_nios_system_nios2_qsys_0_nios2_oci|nios_system_nios2_qsys_0_nios2_ocimem:the_nios_system_nios2_qsys_0_nios2_ocimem|ociram_addr[0]~0                                                                                                                                                                               ; 2       ;
; nios_system:u0|nios_system_nios2_qsys_0:nios2_qsys_0|nios_system_nios2_qsys_0_nios2_oci:the_nios_system_nios2_qsys_0_nios2_oci|nios_system_nios2_qsys_0_nios2_ocimem:the_nios_system_nios2_qsys_0_nios2_ocimem|ociram_wr_en                                                                                                                                                                                   ; 2       ;
; nios_system:u0|nios_system_nios2_qsys_0:nios2_qsys_0|nios_system_nios2_qsys_0_nios2_oci:the_nios_system_nios2_qsys_0_nios2_oci|nios_system_nios2_qsys_0_jtag_debug_module_wrapper:the_nios_system_nios2_qsys_0_jtag_debug_module_wrapper|nios_system_nios2_qsys_0_jtag_debug_module_sysclk:the_nios_system_nios2_qsys_0_jtag_debug_module_sysclk|jxuir                                                        ; 2       ;
; nios_system:u0|nios_system_nios2_qsys_0:nios2_qsys_0|nios_system_nios2_qsys_0_nios2_oci:the_nios_system_nios2_qsys_0_nios2_oci|nios_system_nios2_qsys_0_jtag_debug_module_wrapper:the_nios_system_nios2_qsys_0_jtag_debug_module_wrapper|nios_system_nios2_qsys_0_jtag_debug_module_tck:the_nios_system_nios2_qsys_0_jtag_debug_module_tck|sr[36]                                                             ; 2       ;
; nios_system:u0|nios_system_nios2_qsys_0:nios2_qsys_0|nios_system_nios2_qsys_0_nios2_oci:the_nios_system_nios2_qsys_0_nios2_oci|nios_system_nios2_qsys_0_jtag_debug_module_wrapper:the_nios_system_nios2_qsys_0_jtag_debug_module_wrapper|nios_system_nios2_qsys_0_jtag_debug_module_tck:the_nios_system_nios2_qsys_0_jtag_debug_module_tck|sr[37]                                                             ; 2       ;
; nios_system:u0|nios_system_nios2_qsys_0:nios2_qsys_0|nios_system_nios2_qsys_0_nios2_oci:the_nios_system_nios2_qsys_0_nios2_oci|nios_system_nios2_qsys_0_jtag_debug_module_wrapper:the_nios_system_nios2_qsys_0_jtag_debug_module_wrapper|nios_system_nios2_qsys_0_jtag_debug_module_sysclk:the_nios_system_nios2_qsys_0_jtag_debug_module_sysclk|jdo[4]                                                       ; 2       ;
; nios_system:u0|nios_system_nios2_qsys_0:nios2_qsys_0|nios_system_nios2_qsys_0_nios2_oci:the_nios_system_nios2_qsys_0_nios2_oci|nios_system_nios2_qsys_0_nios2_ocimem:the_nios_system_nios2_qsys_0_nios2_ocimem|MonDReg[2]                                                                                                                                                                                     ; 2       ;
; nios_system:u0|nios_system_nios2_qsys_0:nios2_qsys_0|nios_system_nios2_qsys_0_nios2_oci:the_nios_system_nios2_qsys_0_nios2_oci|nios_system_nios2_qsys_0_jtag_debug_module_wrapper:the_nios_system_nios2_qsys_0_jtag_debug_module_wrapper|nios_system_nios2_qsys_0_jtag_debug_module_tck:the_nios_system_nios2_qsys_0_jtag_debug_module_tck|sr[4]                                                              ; 2       ;
; nios_system:u0|nios_system_jtag_uart_0:jtag_uart_0|alt_jtag_atlantic:nios_system_jtag_uart_0_alt_jtag_atlantic|count[0]                                                                                                                                                                                                                                                                                       ; 2       ;
; nios_system:u0|nios_system_jtag_uart_0:jtag_uart_0|alt_jtag_atlantic:nios_system_jtag_uart_0_alt_jtag_atlantic|state~1                                                                                                                                                                                                                                                                                        ; 2       ;
; nios_system:u0|nios_system_jtag_uart_0:jtag_uart_0|alt_jtag_atlantic:nios_system_jtag_uart_0_alt_jtag_atlantic|count[8]                                                                                                                                                                                                                                                                                       ; 2       ;
; nios_system:u0|nios_system_jtag_uart_0:jtag_uart_0|t_dav                                                                                                                                                                                                                                                                                                                                                      ; 2       ;
; nios_system:u0|nios_system_nios2_qsys_0:nios2_qsys_0|nios_system_nios2_qsys_0_nios2_oci:the_nios_system_nios2_qsys_0_nios2_oci|nios_system_nios2_qsys_0_nios2_ocimem:the_nios_system_nios2_qsys_0_nios2_ocimem|jtag_rd_d1                                                                                                                                                                                     ; 2       ;
; nios_system:u0|nios_system_nios2_qsys_0:nios2_qsys_0|nios_system_nios2_qsys_0_nios2_oci:the_nios_system_nios2_qsys_0_nios2_oci|nios_system_nios2_qsys_0_jtag_debug_module_wrapper:the_nios_system_nios2_qsys_0_jtag_debug_module_wrapper|nios_system_nios2_qsys_0_jtag_debug_module_sysclk:the_nios_system_nios2_qsys_0_jtag_debug_module_sysclk|jdo[3]                                                       ; 2       ;
; nios_system:u0|nios_system_nios2_qsys_0:nios2_qsys_0|nios_system_nios2_qsys_0_nios2_oci:the_nios_system_nios2_qsys_0_nios2_oci|nios_system_nios2_qsys_0_nios2_ocimem:the_nios_system_nios2_qsys_0_nios2_ocimem|MonDReg[1]                                                                                                                                                                                     ; 2       ;
; nios_system:u0|nios_system_nios2_qsys_0:nios2_qsys_0|nios_system_nios2_qsys_0_nios2_oci:the_nios_system_nios2_qsys_0_nios2_oci|nios_system_nios2_qsys_0_jtag_debug_module_wrapper:the_nios_system_nios2_qsys_0_jtag_debug_module_wrapper|nios_system_nios2_qsys_0_jtag_debug_module_tck:the_nios_system_nios2_qsys_0_jtag_debug_module_tck|sr[3]                                                              ; 2       ;
; nios_system:u0|nios_system_jtag_uart_0:jtag_uart_0|alt_jtag_atlantic:nios_system_jtag_uart_0_alt_jtag_atlantic|tck_t_dav                                                                                                                                                                                                                                                                                      ; 2       ;
; nios_system:u0|nios_system_nios2_qsys_0:nios2_qsys_0|nios_system_nios2_qsys_0_nios2_oci:the_nios_system_nios2_qsys_0_nios2_oci|nios_system_nios2_qsys_0_nios2_ocimem:the_nios_system_nios2_qsys_0_nios2_ocimem|MonDReg[0]                                                                                                                                                                                     ; 2       ;
; nios_system:u0|nios_system_nios2_qsys_0:nios2_qsys_0|nios_system_nios2_qsys_0_nios2_oci:the_nios_system_nios2_qsys_0_nios2_oci|nios_system_nios2_qsys_0_jtag_debug_module_wrapper:the_nios_system_nios2_qsys_0_jtag_debug_module_wrapper|nios_system_nios2_qsys_0_jtag_debug_module_tck:the_nios_system_nios2_qsys_0_jtag_debug_module_tck|sr[2]                                                              ; 2       ;
; nios_system:u0|nios_system_nios2_qsys_0:nios2_qsys_0|nios_system_nios2_qsys_0_nios2_oci:the_nios_system_nios2_qsys_0_nios2_oci|nios_system_nios2_qsys_0_jtag_debug_module_wrapper:the_nios_system_nios2_qsys_0_jtag_debug_module_wrapper|nios_system_nios2_qsys_0_jtag_debug_module_tck:the_nios_system_nios2_qsys_0_jtag_debug_module_tck|altera_std_synchronizer:the_altera_std_synchronizer1|dreg[0]       ; 2       ;
; nios_system:u0|nios_system_nios2_qsys_0:nios2_qsys_0|nios_system_nios2_qsys_0_nios2_oci:the_nios_system_nios2_qsys_0_nios2_oci|nios_system_nios2_qsys_0_jtag_debug_module_wrapper:the_nios_system_nios2_qsys_0_jtag_debug_module_wrapper|nios_system_nios2_qsys_0_jtag_debug_module_tck:the_nios_system_nios2_qsys_0_jtag_debug_module_tck|altera_std_synchronizer:the_altera_std_synchronizer2|dreg[0]       ; 2       ;
; nios_system:u0|nios_system_nios2_qsys_0:nios2_qsys_0|nios_system_nios2_qsys_0_nios2_oci:the_nios_system_nios2_qsys_0_nios2_oci|nios_system_nios2_qsys_0_jtag_debug_module_wrapper:the_nios_system_nios2_qsys_0_jtag_debug_module_wrapper|nios_system_nios2_qsys_0_jtag_debug_module_tck:the_nios_system_nios2_qsys_0_jtag_debug_module_tck|sr[1]                                                              ; 2       ;
; nios_system:u0|nios_system_jtag_uart_0:jtag_uart_0|nios_system_jtag_uart_0_scfifo_r:the_nios_system_jtag_uart_0_scfifo_r|scfifo:rfifo|scfifo_1n21:auto_generated|a_dpfifo_8t21:dpfifo|cntr_fjb:rd_ptr_count|safe_q[5]                                                                                                                                                                                         ; 2       ;
; nios_system:u0|nios_system_jtag_uart_0:jtag_uart_0|nios_system_jtag_uart_0_scfifo_r:the_nios_system_jtag_uart_0_scfifo_r|scfifo:rfifo|scfifo_1n21:auto_generated|a_dpfifo_8t21:dpfifo|cntr_fjb:rd_ptr_count|safe_q[4]                                                                                                                                                                                         ; 2       ;
; nios_system:u0|nios_system_jtag_uart_0:jtag_uart_0|nios_system_jtag_uart_0_scfifo_r:the_nios_system_jtag_uart_0_scfifo_r|scfifo:rfifo|scfifo_1n21:auto_generated|a_dpfifo_8t21:dpfifo|cntr_fjb:rd_ptr_count|safe_q[3]                                                                                                                                                                                         ; 2       ;
; nios_system:u0|nios_system_jtag_uart_0:jtag_uart_0|nios_system_jtag_uart_0_scfifo_r:the_nios_system_jtag_uart_0_scfifo_r|scfifo:rfifo|scfifo_1n21:auto_generated|a_dpfifo_8t21:dpfifo|cntr_fjb:rd_ptr_count|safe_q[2]                                                                                                                                                                                         ; 2       ;
; nios_system:u0|nios_system_jtag_uart_0:jtag_uart_0|nios_system_jtag_uart_0_scfifo_r:the_nios_system_jtag_uart_0_scfifo_r|scfifo:rfifo|scfifo_1n21:auto_generated|a_dpfifo_8t21:dpfifo|cntr_fjb:rd_ptr_count|safe_q[1]                                                                                                                                                                                         ; 2       ;
; nios_system:u0|nios_system_jtag_uart_0:jtag_uart_0|nios_system_jtag_uart_0_scfifo_r:the_nios_system_jtag_uart_0_scfifo_r|scfifo:rfifo|scfifo_1n21:auto_generated|a_dpfifo_8t21:dpfifo|cntr_fjb:rd_ptr_count|safe_q[0]                                                                                                                                                                                         ; 2       ;
; nios_system:u0|nios_system_jtag_uart_0:jtag_uart_0|nios_system_jtag_uart_0_scfifo_r:the_nios_system_jtag_uart_0_scfifo_r|scfifo:rfifo|scfifo_1n21:auto_generated|a_dpfifo_8t21:dpfifo|cntr_fjb:wr_ptr|safe_q[5]                                                                                                                                                                                               ; 2       ;
; nios_system:u0|nios_system_jtag_uart_0:jtag_uart_0|nios_system_jtag_uart_0_scfifo_r:the_nios_system_jtag_uart_0_scfifo_r|scfifo:rfifo|scfifo_1n21:auto_generated|a_dpfifo_8t21:dpfifo|cntr_fjb:wr_ptr|safe_q[4]                                                                                                                                                                                               ; 2       ;
; nios_system:u0|nios_system_jtag_uart_0:jtag_uart_0|nios_system_jtag_uart_0_scfifo_r:the_nios_system_jtag_uart_0_scfifo_r|scfifo:rfifo|scfifo_1n21:auto_generated|a_dpfifo_8t21:dpfifo|cntr_fjb:wr_ptr|safe_q[3]                                                                                                                                                                                               ; 2       ;
; nios_system:u0|nios_system_jtag_uart_0:jtag_uart_0|nios_system_jtag_uart_0_scfifo_r:the_nios_system_jtag_uart_0_scfifo_r|scfifo:rfifo|scfifo_1n21:auto_generated|a_dpfifo_8t21:dpfifo|cntr_fjb:wr_ptr|safe_q[2]                                                                                                                                                                                               ; 2       ;
; nios_system:u0|nios_system_jtag_uart_0:jtag_uart_0|nios_system_jtag_uart_0_scfifo_r:the_nios_system_jtag_uart_0_scfifo_r|scfifo:rfifo|scfifo_1n21:auto_generated|a_dpfifo_8t21:dpfifo|cntr_fjb:wr_ptr|safe_q[1]                                                                                                                                                                                               ; 2       ;
; nios_system:u0|nios_system_jtag_uart_0:jtag_uart_0|nios_system_jtag_uart_0_scfifo_r:the_nios_system_jtag_uart_0_scfifo_r|scfifo:rfifo|scfifo_1n21:auto_generated|a_dpfifo_8t21:dpfifo|cntr_fjb:wr_ptr|safe_q[0]                                                                                                                                                                                               ; 2       ;
; nios_system:u0|nios_system_nios2_qsys_0:nios2_qsys_0|d_writedata[25]~1                                                                                                                                                                                                                                                                                                                                        ; 2       ;
; nios_system:u0|nios_system_nios2_qsys_0:nios2_qsys_0|d_writedata[26]~2                                                                                                                                                                                                                                                                                                                                        ; 2       ;
; nios_system:u0|nios_system_nios2_qsys_0:nios2_qsys_0|d_writedata[31]                                                                                                                                                                                                                                                                                                                                          ; 2       ;
; nios_system:u0|nios_system_nios2_qsys_0:nios2_qsys_0|d_writedata[30]                                                                                                                                                                                                                                                                                                                                          ; 2       ;
; nios_system:u0|nios_system_nios2_qsys_0:nios2_qsys_0|d_writedata[29]                                                                                                                                                                                                                                                                                                                                          ; 2       ;
; nios_system:u0|nios_system_nios2_qsys_0:nios2_qsys_0|d_writedata[28]                                                                                                                                                                                                                                                                                                                                          ; 2       ;
; nios_system:u0|nios_system_nios2_qsys_0:nios2_qsys_0|d_writedata[27]                                                                                                                                                                                                                                                                                                                                          ; 2       ;
; nios_system:u0|nios_system_jtag_uart_0:jtag_uart_0|alt_jtag_atlantic:nios_system_jtag_uart_0_alt_jtag_atlantic|td_shift[8]                                                                                                                                                                                                                                                                                    ; 2       ;
; nios_system:u0|nios_system_nios2_qsys_0:nios2_qsys_0|d_writedata[24]~0                                                                                                                                                                                                                                                                                                                                        ; 2       ;
; nios_system:u0|nios_system_nios2_qsys_0:nios2_qsys_0|nios_system_nios2_qsys_0_nios2_oci:the_nios_system_nios2_qsys_0_nios2_oci|nios_system_nios2_qsys_0_nios2_ocimem:the_nios_system_nios2_qsys_0_nios2_ocimem|nios_system_nios2_qsys_0_ociram_sp_ram_module:nios_system_nios2_qsys_0_ociram_sp_ram|altsyncram:the_altsyncram|altsyncram_hn81:auto_generated|q_a[16]                                          ; 2       ;
; nios_system:u0|nios_system_nios2_qsys_0:nios2_qsys_0|nios_system_nios2_qsys_0_nios2_oci:the_nios_system_nios2_qsys_0_nios2_oci|nios_system_nios2_qsys_0_nios2_ocimem:the_nios_system_nios2_qsys_0_nios2_ocimem|nios_system_nios2_qsys_0_ociram_sp_ram_module:nios_system_nios2_qsys_0_ociram_sp_ram|altsyncram:the_altsyncram|altsyncram_hn81:auto_generated|q_a[17]                                          ; 2       ;
; nios_system:u0|nios_system_nios2_qsys_0:nios2_qsys_0|nios_system_nios2_qsys_0_nios2_oci:the_nios_system_nios2_qsys_0_nios2_oci|nios_system_nios2_qsys_0_nios2_ocimem:the_nios_system_nios2_qsys_0_nios2_ocimem|nios_system_nios2_qsys_0_ociram_sp_ram_module:nios_system_nios2_qsys_0_ociram_sp_ram|altsyncram:the_altsyncram|altsyncram_hn81:auto_generated|q_a[18]                                          ; 2       ;
; nios_system:u0|nios_system_nios2_qsys_0:nios2_qsys_0|nios_system_nios2_qsys_0_nios2_oci:the_nios_system_nios2_qsys_0_nios2_oci|nios_system_nios2_qsys_0_nios2_ocimem:the_nios_system_nios2_qsys_0_nios2_ocimem|nios_system_nios2_qsys_0_ociram_sp_ram_module:nios_system_nios2_qsys_0_ociram_sp_ram|altsyncram:the_altsyncram|altsyncram_hn81:auto_generated|q_a[19]                                          ; 2       ;
; nios_system:u0|nios_system_nios2_qsys_0:nios2_qsys_0|nios_system_nios2_qsys_0_nios2_oci:the_nios_system_nios2_qsys_0_nios2_oci|nios_system_nios2_qsys_0_nios2_ocimem:the_nios_system_nios2_qsys_0_nios2_ocimem|nios_system_nios2_qsys_0_ociram_sp_ram_module:nios_system_nios2_qsys_0_ociram_sp_ram|altsyncram:the_altsyncram|altsyncram_hn81:auto_generated|q_a[20]                                          ; 2       ;
; nios_system:u0|nios_system_nios2_qsys_0:nios2_qsys_0|nios_system_nios2_qsys_0_nios2_oci:the_nios_system_nios2_qsys_0_nios2_oci|nios_system_nios2_qsys_0_nios2_ocimem:the_nios_system_nios2_qsys_0_nios2_ocimem|nios_system_nios2_qsys_0_ociram_sp_ram_module:nios_system_nios2_qsys_0_ociram_sp_ram|altsyncram:the_altsyncram|altsyncram_hn81:auto_generated|q_a[21]                                          ; 2       ;
; nios_system:u0|nios_system_nios2_qsys_0:nios2_qsys_0|nios_system_nios2_qsys_0_nios2_oci:the_nios_system_nios2_qsys_0_nios2_oci|nios_system_nios2_qsys_0_nios2_ocimem:the_nios_system_nios2_qsys_0_nios2_ocimem|nios_system_nios2_qsys_0_ociram_sp_ram_module:nios_system_nios2_qsys_0_ociram_sp_ram|altsyncram:the_altsyncram|altsyncram_hn81:auto_generated|q_a[22]                                          ; 2       ;
; nios_system:u0|nios_system_nios2_qsys_0:nios2_qsys_0|nios_system_nios2_qsys_0_nios2_oci:the_nios_system_nios2_qsys_0_nios2_oci|nios_system_nios2_qsys_0_nios2_ocimem:the_nios_system_nios2_qsys_0_nios2_ocimem|nios_system_nios2_qsys_0_ociram_sp_ram_module:nios_system_nios2_qsys_0_ociram_sp_ram|altsyncram:the_altsyncram|altsyncram_hn81:auto_generated|q_a[23]                                          ; 2       ;
; nios_system:u0|nios_system_nios2_qsys_0:nios2_qsys_0|nios_system_nios2_qsys_0_nios2_oci:the_nios_system_nios2_qsys_0_nios2_oci|nios_system_nios2_qsys_0_nios2_ocimem:the_nios_system_nios2_qsys_0_nios2_ocimem|nios_system_nios2_qsys_0_ociram_sp_ram_module:nios_system_nios2_qsys_0_ociram_sp_ram|altsyncram:the_altsyncram|altsyncram_hn81:auto_generated|q_a[9]                                           ; 2       ;
; nios_system:u0|nios_system_nios2_qsys_0:nios2_qsys_0|nios_system_nios2_qsys_0_nios2_oci:the_nios_system_nios2_qsys_0_nios2_oci|nios_system_nios2_qsys_0_nios2_ocimem:the_nios_system_nios2_qsys_0_nios2_ocimem|nios_system_nios2_qsys_0_ociram_sp_ram_module:nios_system_nios2_qsys_0_ociram_sp_ram|altsyncram:the_altsyncram|altsyncram_hn81:auto_generated|q_a[10]                                          ; 2       ;
; nios_system:u0|nios_system_nios2_qsys_0:nios2_qsys_0|nios_system_nios2_qsys_0_nios2_oci:the_nios_system_nios2_qsys_0_nios2_oci|nios_system_nios2_qsys_0_nios2_ocimem:the_nios_system_nios2_qsys_0_nios2_ocimem|nios_system_nios2_qsys_0_ociram_sp_ram_module:nios_system_nios2_qsys_0_ociram_sp_ram|altsyncram:the_altsyncram|altsyncram_hn81:auto_generated|q_a[11]                                          ; 2       ;
; nios_system:u0|nios_system_nios2_qsys_0:nios2_qsys_0|nios_system_nios2_qsys_0_nios2_oci:the_nios_system_nios2_qsys_0_nios2_oci|nios_system_nios2_qsys_0_nios2_ocimem:the_nios_system_nios2_qsys_0_nios2_ocimem|nios_system_nios2_qsys_0_ociram_sp_ram_module:nios_system_nios2_qsys_0_ociram_sp_ram|altsyncram:the_altsyncram|altsyncram_hn81:auto_generated|q_a[12]                                          ; 2       ;
; nios_system:u0|nios_system_nios2_qsys_0:nios2_qsys_0|nios_system_nios2_qsys_0_nios2_oci:the_nios_system_nios2_qsys_0_nios2_oci|nios_system_nios2_qsys_0_nios2_ocimem:the_nios_system_nios2_qsys_0_nios2_ocimem|nios_system_nios2_qsys_0_ociram_sp_ram_module:nios_system_nios2_qsys_0_ociram_sp_ram|altsyncram:the_altsyncram|altsyncram_hn81:auto_generated|q_a[13]                                          ; 2       ;
; nios_system:u0|nios_system_nios2_qsys_0:nios2_qsys_0|nios_system_nios2_qsys_0_nios2_oci:the_nios_system_nios2_qsys_0_nios2_oci|nios_system_nios2_qsys_0_nios2_ocimem:the_nios_system_nios2_qsys_0_nios2_ocimem|nios_system_nios2_qsys_0_ociram_sp_ram_module:nios_system_nios2_qsys_0_ociram_sp_ram|altsyncram:the_altsyncram|altsyncram_hn81:auto_generated|q_a[14]                                          ; 2       ;
; nios_system:u0|nios_system_nios2_qsys_0:nios2_qsys_0|nios_system_nios2_qsys_0_nios2_oci:the_nios_system_nios2_qsys_0_nios2_oci|nios_system_nios2_qsys_0_nios2_ocimem:the_nios_system_nios2_qsys_0_nios2_ocimem|nios_system_nios2_qsys_0_ociram_sp_ram_module:nios_system_nios2_qsys_0_ociram_sp_ram|altsyncram:the_altsyncram|altsyncram_hn81:auto_generated|q_a[15]                                          ; 2       ;
; nios_system:u0|nios_system_nios2_qsys_0:nios2_qsys_0|nios_system_nios2_qsys_0_nios2_oci:the_nios_system_nios2_qsys_0_nios2_oci|nios_system_nios2_qsys_0_nios2_ocimem:the_nios_system_nios2_qsys_0_nios2_ocimem|nios_system_nios2_qsys_0_ociram_sp_ram_module:nios_system_nios2_qsys_0_ociram_sp_ram|altsyncram:the_altsyncram|altsyncram_hn81:auto_generated|q_a[8]                                           ; 2       ;
; nios_system:u0|nios_system_nios2_qsys_0:nios2_qsys_0|nios_system_nios2_qsys_0_nios2_oci:the_nios_system_nios2_qsys_0_nios2_oci|nios_system_nios2_qsys_0_nios2_ocimem:the_nios_system_nios2_qsys_0_nios2_ocimem|MonDReg[18]                                                                                                                                                                                    ; 2       ;
; nios_system:u0|nios_system_nios2_qsys_0:nios2_qsys_0|d_writedata[26]                                                                                                                                                                                                                                                                                                                                          ; 2       ;
; nios_system:u0|nios_system_nios2_qsys_0:nios2_qsys_0|d_writedata[25]                                                                                                                                                                                                                                                                                                                                          ; 2       ;
; nios_system:u0|nios_system_nios2_qsys_0:nios2_qsys_0|d_writedata[24]                                                                                                                                                                                                                                                                                                                                          ; 2       ;
; nios_system:u0|nios_system_nios2_qsys_0:nios2_qsys_0|av_ld_byte2_data[4]                                                                                                                                                                                                                                                                                                                                      ; 2       ;
; nios_system:u0|nios_system_nios2_qsys_0:nios2_qsys_0|av_ld_byte2_data[5]                                                                                                                                                                                                                                                                                                                                      ; 2       ;
; nios_system:u0|nios_system_nios2_qsys_0:nios2_qsys_0|av_ld_byte2_data[6]                                                                                                                                                                                                                                                                                                                                      ; 2       ;
; nios_system:u0|nios_system_nios2_qsys_0:nios2_qsys_0|av_ld_byte2_data[7]                                                                                                                                                                                                                                                                                                                                      ; 2       ;
; nios_system:u0|nios_system_nios2_qsys_0:nios2_qsys_0|av_ld_byte2_data[1]                                                                                                                                                                                                                                                                                                                                      ; 2       ;
; nios_system:u0|nios_system_nios2_qsys_0:nios2_qsys_0|av_ld_byte2_data[2]                                                                                                                                                                                                                                                                                                                                      ; 2       ;
; nios_system:u0|nios_system_nios2_qsys_0:nios2_qsys_0|av_ld_byte2_data[3]                                                                                                                                                                                                                                                                                                                                      ; 2       ;
; nios_system:u0|nios_system_nios2_qsys_0:nios2_qsys_0|nios_system_nios2_qsys_0_nios2_oci:the_nios_system_nios2_qsys_0_nios2_oci|nios_system_nios2_qsys_0_nios2_ocimem:the_nios_system_nios2_qsys_0_nios2_ocimem|MonDReg[12]                                                                                                                                                                                    ; 2       ;
; nios_system:u0|nios_system_nios2_qsys_0:nios2_qsys_0|av_ld_byte2_data[0]                                                                                                                                                                                                                                                                                                                                      ; 2       ;
; nios_system:u0|nios_system_nios2_qsys_0:nios2_qsys_0|av_ld_byte1_data[4]                                                                                                                                                                                                                                                                                                                                      ; 2       ;
; nios_system:u0|nios_system_nios2_qsys_0:nios2_qsys_0|av_ld_byte1_data[5]                                                                                                                                                                                                                                                                                                                                      ; 2       ;
; nios_system:u0|nios_system_nios2_qsys_0:nios2_qsys_0|av_ld_byte1_data[6]                                                                                                                                                                                                                                                                                                                                      ; 2       ;
; nios_system:u0|nios_system_nios2_qsys_0:nios2_qsys_0|av_ld_byte1_data[0]                                                                                                                                                                                                                                                                                                                                      ; 2       ;
; nios_system:u0|nios_system_nios2_qsys_0:nios2_qsys_0|av_ld_byte1_data[1]                                                                                                                                                                                                                                                                                                                                      ; 2       ;
; nios_system:u0|nios_system_nios2_qsys_0:nios2_qsys_0|av_ld_byte1_data[2]                                                                                                                                                                                                                                                                                                                                      ; 2       ;
; nios_system:u0|nios_system_nios2_qsys_0:nios2_qsys_0|av_ld_byte1_data[3]                                                                                                                                                                                                                                                                                                                                      ; 2       ;
; nios_system:u0|nios_system_nios2_qsys_0:nios2_qsys_0|W_alu_result[1]                                                                                                                                                                                                                                                                                                                                          ; 2       ;
; nios_system:u0|nios_system_nios2_qsys_0:nios2_qsys_0|d_writedata[31]~7                                                                                                                                                                                                                                                                                                                                        ; 2       ;
+---------------------------------------------------------------------------------------------------------------------------------------------------------------------------------------------------------------------------------------------------------------------------------------------------------------------------------------------------------------------------------------------------------------+---------+


+-------------------------------------------------------------------------------------------------------------------------------------------------------------------------------------------------------------------------------------------------------------------------------------------------------------------------------------------------------------------------------------------------------------------------------------------------------------------------------------------------------------------------------------------------------------------------------------------------------------------------------------------------------------------------------------------------------------------------------------------------------------------------------------------------------------------------------------------------------------------------------------------------------------------------------------------------------------------------------------------------------------------------------------------------------------------------------------------------------------------------------------------------------------------------------+
; Fitter RAM Summary                                                                                                                                                                                                                                                                                                                                                                                                                                                                                                                                                                                                                                                                                                                                                                                                                                                                                                                                                                                                                                                                                                                                                            ;
+-------------------------------------------------------------------------------------------------------------------------------------------------------------------------------------------------------------------------------------------------------------------------------------------------------------------------------------------------------------------------+------+------------------+--------------+--------------+--------------+--------------+--------------+------------------------+-------------------------+------------------------+-------------------------+-------+-----------------------------+-----------------------------+-----------------------------+-----------------------------+---------------------+------+------------------------------------------------------+-----------------------------------------------------------------------------------------------------------------------------------------------------------------------------------------------------------------------------------------------------------------------------------------------------------+----------------------+-----------------+-----------------+
; Name                                                                                                                                                                                                                                                                                                                                                                    ; Type ; Mode             ; Clock Mode   ; Port A Depth ; Port A Width ; Port B Depth ; Port B Width ; Port A Input Registers ; Port A Output Registers ; Port B Input Registers ; Port B Output Registers ; Size  ; Implementation Port A Depth ; Implementation Port A Width ; Implementation Port B Depth ; Implementation Port B Width ; Implementation Bits ; M4Ks ; MIF                                                  ; Location                                                                                                                                                                                                                                                                                                  ; Mixed Width RDW Mode ; Port A RDW Mode ; Port B RDW Mode ;
+-------------------------------------------------------------------------------------------------------------------------------------------------------------------------------------------------------------------------------------------------------------------------------------------------------------------------------------------------------------------------+------+------------------+--------------+--------------+--------------+--------------+--------------+------------------------+-------------------------+------------------------+-------------------------+-------+-----------------------------+-----------------------------+-----------------------------+-----------------------------+---------------------+------+------------------------------------------------------+-----------------------------------------------------------------------------------------------------------------------------------------------------------------------------------------------------------------------------------------------------------------------------------------------------------+----------------------+-----------------+-----------------+
; nios_system:u0|nios_system_jtag_uart_0:jtag_uart_0|nios_system_jtag_uart_0_scfifo_r:the_nios_system_jtag_uart_0_scfifo_r|scfifo:rfifo|scfifo_1n21:auto_generated|a_dpfifo_8t21:dpfifo|dpram_5h21:FIFOram|altsyncram_9tl1:altsyncram2|ALTSYNCRAM                                                                                                                         ; AUTO ; Simple Dual Port ; Dual Clocks  ; 64           ; 8            ; 64           ; 8            ; yes                    ; no                      ; yes                    ; no                      ; 512   ; 64                          ; 8                           ; 64                          ; 8                           ; 512                 ; 1    ; None                                                 ; M4K_X11_Y16                                                                                                                                                                                                                                                                                               ; Don't care           ; Don't care      ; Don't care      ;
; nios_system:u0|nios_system_jtag_uart_0:jtag_uart_0|nios_system_jtag_uart_0_scfifo_w:the_nios_system_jtag_uart_0_scfifo_w|scfifo:wfifo|scfifo_1n21:auto_generated|a_dpfifo_8t21:dpfifo|dpram_5h21:FIFOram|altsyncram_9tl1:altsyncram2|ALTSYNCRAM                                                                                                                         ; AUTO ; Simple Dual Port ; Dual Clocks  ; 64           ; 8            ; 64           ; 8            ; yes                    ; no                      ; yes                    ; no                      ; 512   ; 64                          ; 8                           ; 64                          ; 8                           ; 512                 ; 1    ; None                                                 ; M4K_X11_Y17                                                                                                                                                                                                                                                                                               ; Don't care           ; Don't care      ; Don't care      ;
; nios_system:u0|nios_system_nios2_qsys_0:nios2_qsys_0|nios_system_nios2_qsys_0_nios2_oci:the_nios_system_nios2_qsys_0_nios2_oci|nios_system_nios2_qsys_0_nios2_ocimem:the_nios_system_nios2_qsys_0_nios2_ocimem|nios_system_nios2_qsys_0_ociram_sp_ram_module:nios_system_nios2_qsys_0_ociram_sp_ram|altsyncram:the_altsyncram|altsyncram_hn81:auto_generated|ALTSYNCRAM ; AUTO ; Single Port      ; Single Clock ; 256          ; 32           ; --           ; --           ; yes                    ; no                      ; --                     ; --                      ; 8192  ; 256                         ; 32                          ; --                          ; --                          ; 8192                ; 2    ; nios_system_nios2_qsys_0_ociram_default_contents.mif ; M4K_X11_Y9, M4K_X11_Y8                                                                                                                                                                                                                                                                                    ; Don't care           ; Don't care      ; Don't care      ;
; nios_system:u0|nios_system_nios2_qsys_0:nios2_qsys_0|nios_system_nios2_qsys_0_register_bank_a_module:nios_system_nios2_qsys_0_register_bank_a|altsyncram:the_altsyncram|altsyncram_dah1:auto_generated|ALTSYNCRAM                                                                                                                                                       ; AUTO ; Simple Dual Port ; Single Clock ; 32           ; 32           ; 32           ; 32           ; yes                    ; no                      ; yes                    ; no                      ; 1024  ; 32                          ; 32                          ; 32                          ; 32                          ; 1024                ; 1    ; nios_system_nios2_qsys_0_rf_ram_a.mif                ; M4K_X27_Y13                                                                                                                                                                                                                                                                                               ; Don't care           ; Don't care      ; Don't care      ;
; nios_system:u0|nios_system_nios2_qsys_0:nios2_qsys_0|nios_system_nios2_qsys_0_register_bank_b_module:nios_system_nios2_qsys_0_register_bank_b|altsyncram:the_altsyncram|altsyncram_eah1:auto_generated|ALTSYNCRAM                                                                                                                                                       ; AUTO ; Simple Dual Port ; Single Clock ; 32           ; 32           ; 32           ; 32           ; yes                    ; no                      ; yes                    ; no                      ; 1024  ; 32                          ; 32                          ; 32                          ; 32                          ; 1024                ; 1    ; nios_system_nios2_qsys_0_rf_ram_b.mif                ; M4K_X27_Y12                                                                                                                                                                                                                                                                                               ; Don't care           ; Don't care      ; Don't care      ;
; nios_system:u0|nios_system_onchip_memory2_0:onchip_memory2_0|altsyncram:the_altsyncram|altsyncram_8391:auto_generated|altsyncram:ram_block1a0|altsyncram_rau2:auto_generated|ALTSYNCRAM                                                                                                                                                                                 ; AUTO ; Single Port      ; Single Clock ; 3000         ; 32           ; --           ; --           ; yes                    ; no                      ; --                     ; --                      ; 96000 ; 3000                        ; 32                          ; --                          ; --                          ; 96000               ; 24   ; None                                                 ; M4K_X27_Y8, M4K_X27_Y3, M4K_X27_Y5, M4K_X27_Y6, M4K_X27_Y2, M4K_X11_Y3, M4K_X11_Y10, M4K_X11_Y13, M4K_X11_Y11, M4K_X11_Y15, M4K_X11_Y14, M4K_X11_Y12, M4K_X27_Y7, M4K_X27_Y4, M4K_X11_Y6, M4K_X11_Y7, M4K_X11_Y5, M4K_X11_Y4, M4K_X27_Y9, M4K_X27_Y15, M4K_X27_Y11, M4K_X27_Y16, M4K_X27_Y14, M4K_X27_Y10 ; Don't care           ; Don't care      ; Don't care      ;
+-------------------------------------------------------------------------------------------------------------------------------------------------------------------------------------------------------------------------------------------------------------------------------------------------------------------------------------------------------------------------+------+------------------+--------------+--------------+--------------+--------------+--------------+------------------------+-------------------------+------------------------+-------------------------+-------+-----------------------------+-----------------------------+-----------------------------+-----------------------------+---------------------+------+------------------------------------------------------+-----------------------------------------------------------------------------------------------------------------------------------------------------------------------------------------------------------------------------------------------------------------------------------------------------------+----------------------+-----------------+-----------------+
Note: Fitter may spread logical memories into multiple blocks to improve timing. The actual required RAM blocks can be found in the Fitter Resource Usage section.


+-------------------------------------------------------+
; Other Routing Usage Summary                           ;
+-----------------------------+-------------------------+
; Other Routing Resource Type ; Usage                   ;
+-----------------------------+-------------------------+
; Block interconnects         ; 3,042 / 26,052 ( 12 % ) ;
; C16 interconnects           ; 14 / 1,156 ( 1 % )      ;
; C4 interconnects            ; 1,821 / 17,952 ( 10 % ) ;
; Direct links                ; 309 / 26,052 ( 1 % )    ;
; Global clocks               ; 6 / 8 ( 75 % )          ;
; Local interconnects         ; 829 / 8,256 ( 10 % )    ;
; R24 interconnects           ; 40 / 1,020 ( 4 % )      ;
; R4 interconnects            ; 2,431 / 22,440 ( 11 % ) ;
+-----------------------------+-------------------------+


+-----------------------------------------------------------------------------+
; LAB Logic Elements                                                          ;
+---------------------------------------------+-------------------------------+
; Number of Logic Elements  (Average = 13.34) ; Number of LABs  (Total = 128) ;
+---------------------------------------------+-------------------------------+
; 1                                           ; 6                             ;
; 2                                           ; 0                             ;
; 3                                           ; 3                             ;
; 4                                           ; 0                             ;
; 5                                           ; 0                             ;
; 6                                           ; 8                             ;
; 7                                           ; 1                             ;
; 8                                           ; 2                             ;
; 9                                           ; 1                             ;
; 10                                          ; 1                             ;
; 11                                          ; 4                             ;
; 12                                          ; 3                             ;
; 13                                          ; 5                             ;
; 14                                          ; 15                            ;
; 15                                          ; 16                            ;
; 16                                          ; 63                            ;
+---------------------------------------------+-------------------------------+


+--------------------------------------------------------------------+
; LAB-wide Signals                                                   ;
+------------------------------------+-------------------------------+
; LAB-wide Signals  (Average = 2.08) ; Number of LABs  (Total = 128) ;
+------------------------------------+-------------------------------+
; 1 Async. clear                     ; 77                            ;
; 1 Clock                            ; 102                           ;
; 1 Clock enable                     ; 31                            ;
; 1 Sync. clear                      ; 8                             ;
; 1 Sync. load                       ; 24                            ;
; 2 Async. clears                    ; 4                             ;
; 2 Clock enables                    ; 11                            ;
; 2 Clocks                           ; 9                             ;
+------------------------------------+-------------------------------+


+------------------------------------------------------------------------------+
; LAB Signals Sourced                                                          ;
+----------------------------------------------+-------------------------------+
; Number of Signals Sourced  (Average = 20.05) ; Number of LABs  (Total = 128) ;
+----------------------------------------------+-------------------------------+
; 0                                            ; 1                             ;
; 1                                            ; 2                             ;
; 2                                            ; 3                             ;
; 3                                            ; 0                             ;
; 4                                            ; 0                             ;
; 5                                            ; 2                             ;
; 6                                            ; 1                             ;
; 7                                            ; 0                             ;
; 8                                            ; 0                             ;
; 9                                            ; 0                             ;
; 10                                           ; 2                             ;
; 11                                           ; 1                             ;
; 12                                           ; 6                             ;
; 13                                           ; 4                             ;
; 14                                           ; 4                             ;
; 15                                           ; 2                             ;
; 16                                           ; 9                             ;
; 17                                           ; 1                             ;
; 18                                           ; 4                             ;
; 19                                           ; 10                            ;
; 20                                           ; 7                             ;
; 21                                           ; 4                             ;
; 22                                           ; 12                            ;
; 23                                           ; 9                             ;
; 24                                           ; 5                             ;
; 25                                           ; 9                             ;
; 26                                           ; 10                            ;
; 27                                           ; 8                             ;
; 28                                           ; 3                             ;
; 29                                           ; 1                             ;
; 30                                           ; 2                             ;
; 31                                           ; 2                             ;
; 32                                           ; 4                             ;
+----------------------------------------------+-------------------------------+


+---------------------------------------------------------------------------------+
; LAB Signals Sourced Out                                                         ;
+-------------------------------------------------+-------------------------------+
; Number of Signals Sourced Out  (Average = 9.02) ; Number of LABs  (Total = 128) ;
+-------------------------------------------------+-------------------------------+
; 0                                               ; 1                             ;
; 1                                               ; 8                             ;
; 2                                               ; 5                             ;
; 3                                               ; 4                             ;
; 4                                               ; 13                            ;
; 5                                               ; 2                             ;
; 6                                               ; 6                             ;
; 7                                               ; 9                             ;
; 8                                               ; 6                             ;
; 9                                               ; 12                            ;
; 10                                              ; 15                            ;
; 11                                              ; 5                             ;
; 12                                              ; 12                            ;
; 13                                              ; 5                             ;
; 14                                              ; 7                             ;
; 15                                              ; 4                             ;
; 16                                              ; 9                             ;
; 17                                              ; 3                             ;
; 18                                              ; 0                             ;
; 19                                              ; 1                             ;
; 20                                              ; 0                             ;
; 21                                              ; 0                             ;
; 22                                              ; 1                             ;
+-------------------------------------------------+-------------------------------+


+------------------------------------------------------------------------------+
; LAB Distinct Inputs                                                          ;
+----------------------------------------------+-------------------------------+
; Number of Distinct Inputs  (Average = 18.41) ; Number of LABs  (Total = 128) ;
+----------------------------------------------+-------------------------------+
; 0                                            ; 0                             ;
; 1                                            ; 0                             ;
; 2                                            ; 2                             ;
; 3                                            ; 6                             ;
; 4                                            ; 2                             ;
; 5                                            ; 5                             ;
; 6                                            ; 1                             ;
; 7                                            ; 3                             ;
; 8                                            ; 2                             ;
; 9                                            ; 2                             ;
; 10                                           ; 1                             ;
; 11                                           ; 4                             ;
; 12                                           ; 4                             ;
; 13                                           ; 4                             ;
; 14                                           ; 6                             ;
; 15                                           ; 1                             ;
; 16                                           ; 2                             ;
; 17                                           ; 6                             ;
; 18                                           ; 4                             ;
; 19                                           ; 5                             ;
; 20                                           ; 7                             ;
; 21                                           ; 9                             ;
; 22                                           ; 5                             ;
; 23                                           ; 4                             ;
; 24                                           ; 5                             ;
; 25                                           ; 2                             ;
; 26                                           ; 3                             ;
; 27                                           ; 7                             ;
; 28                                           ; 10                            ;
; 29                                           ; 0                             ;
; 30                                           ; 4                             ;
; 31                                           ; 4                             ;
; 32                                           ; 4                             ;
; 33                                           ; 2                             ;
+----------------------------------------------+-------------------------------+


+-------------------------------------------------------------------------+
; Fitter Device Options                                                   ;
+----------------------------------------------+--------------------------+
; Option                                       ; Setting                  ;
+----------------------------------------------+--------------------------+
; Enable user-supplied start-up clock (CLKUSR) ; Off                      ;
; Enable device-wide reset (DEV_CLRn)          ; Off                      ;
; Enable device-wide output enable (DEV_OE)    ; Off                      ;
; Enable INIT_DONE output                      ; Off                      ;
; Configuration scheme                         ; Active Serial            ;
; Error detection CRC                          ; Off                      ;
; nCEO                                         ; As output driving ground ;
; ASDO,nCSO                                    ; As input tri-stated      ;
; Reserve all unused pins                      ; As output driving ground ;
; Base pin-out file on sameframe device        ; Off                      ;
+----------------------------------------------+--------------------------+


+------------------------------------+
; Operating Settings and Conditions  ;
+---------------------------+--------+
; Setting                   ; Value  ;
+---------------------------+--------+
; Nominal Core Voltage      ; 1.20 V ;
; Low Junction Temperature  ; 0 °C   ;
; High Junction Temperature ; 85 °C  ;
+---------------------------+--------+


+-----------------+
; Fitter Messages ;
+-----------------+
Warning (20028): Parallel compilation is not licensed and has been disabled
Info (119006): Selected device EP2C8Q208C8 for design "Hello_Nios"
Info (21077): Low junction temperature is 0 degrees C
Info (21077): High junction temperature is 85 degrees C
Info (171003): Fitter is performing an Auto Fit compilation, which may decrease Fitter effort to reduce compilation time
Warning (292013): Feature LogicLock is only available with a valid subscription license. You can purchase a software subscription to gain full access to this feature.
Info (176444): Device migration not selected. If you intend to use device migration later, you may need to change the pin assignments as they may be incompatible with other devices
    Info (176445): Device EP2C5Q208C8 is compatible
    Info (176445): Device EP2C5Q208I8 is compatible
    Info (176445): Device EP2C8Q208I8 is compatible
Info (169124): Fitter converted 3 user pins into dedicated programming pins
    Info (169125): Pin ~ASDO~ is reserved at location 1
    Info (169125): Pin ~nCSO~ is reserved at location 2
    Info (169125): Pin ~LVDS54p/nCEO~ is reserved at location 108
Info (176045): Design uses memory blocks. Violating setup or hold times of memory block address registers for either read or write operations could cause memory contents to be corrupted. Make sure that all memory block address registers meet the setup and hold time requirements.
Info (332164): Evaluating HDL-embedded SDC commands
    Info (332165): Entity alt_jtag_atlantic
        Info (332166): set_false_path -from [get_registers {*|alt_jtag_atlantic:*|jupdate}] -to [get_registers {*|alt_jtag_atlantic:*|jupdate1*}] 
        Info (332166): set_false_path -from [get_registers {*|alt_jtag_atlantic:*|rdata[*]}] -to [get_registers {*|alt_jtag_atlantic*|td_shift[*]}]
        Info (332166): set_false_path -from [get_registers {*|alt_jtag_atlantic:*|rdata[*]}] -to [get_registers {*|alt_jtag_atlantic*|td_shift[*]}]
        Info (332166): set_false_path -from [get_registers {*|alt_jtag_atlantic:*|rdata[*]}] -to [get_registers {*|alt_jtag_atlantic*|td_shift[*]}]
        Info (332166): set_false_path -from [get_registers {*|alt_jtag_atlantic:*|rdata[*]}] -to [get_registers {*|alt_jtag_atlantic*|td_shift[*]}]
        Info (332166): set_false_path -from [get_registers {*|alt_jtag_atlantic:*|rdata[*]}] -to [get_registers {*|alt_jtag_atlantic*|td_shift[*]}]
        Info (332166): set_false_path -from [get_registers {*|alt_jtag_atlantic:*|rdata[*]}] -to [get_registers {*|alt_jtag_atlantic*|td_shift[*]}]
        Info (332166): set_false_path -from [get_registers {*|alt_jtag_atlantic:*|rdata[*]}] -to [get_registers {*|alt_jtag_atlantic*|td_shift[*]}]
        Info (332166): set_false_path -from [get_registers {*|alt_jtag_atlantic:*|rdata[*]}] -to [get_registers {*|alt_jtag_atlantic*|td_shift[*]}]
        Info (332166): set_false_path -from [get_registers {*|alt_jtag_atlantic:*|read}] -to [get_registers {*|alt_jtag_atlantic:*|read1*}] 
        Info (332166): set_false_path -from [get_registers {*|alt_jtag_atlantic:*|read_req}]
        Info (332166): set_false_path -from [get_registers {*|alt_jtag_atlantic:*|rvalid}] -to [get_registers {*|alt_jtag_atlantic*|td_shift[*]}]
        Info (332166): set_false_path -from [get_registers {*|t_dav}] -to [get_registers {*|alt_jtag_atlantic:*|tck_t_dav}]
        Info (332166): set_false_path -from [get_registers {*|alt_jtag_atlantic:*|user_saw_rvalid}] -to [get_registers {*|alt_jtag_atlantic:*|rvalid0*}]
        Info (332166): set_false_path -from [get_registers {*|alt_jtag_atlantic:*|wdata[*]}] -to [get_registers {*}]
        Info (332166): set_false_path -from [get_registers {*|alt_jtag_atlantic:*|wdata[*]}] -to [get_registers {*}]
        Info (332166): set_false_path -from [get_registers {*|alt_jtag_atlantic:*|wdata[*]}] -to [get_registers {*}]
        Info (332166): set_false_path -from [get_registers {*|alt_jtag_atlantic:*|wdata[*]}] -to [get_registers {*}]
        Info (332166): set_false_path -from [get_registers {*|alt_jtag_atlantic:*|wdata[*]}] -to [get_registers {*}]
        Info (332166): set_false_path -from [get_registers {*|alt_jtag_atlantic:*|wdata[*]}] -to [get_registers {*}]
        Info (332166): set_false_path -from [get_registers {*|alt_jtag_atlantic:*|wdata[*]}] -to [get_registers {*}]
        Info (332166): set_false_path -from [get_registers {*|alt_jtag_atlantic:*|wdata[*]}] -to [get_registers {*}]
        Info (332166): set_false_path -from [get_registers {*|alt_jtag_atlantic:*|write}] -to [get_registers {*|alt_jtag_atlantic:*|write1*}] 
        Info (332166): set_false_path -from [get_registers {*|alt_jtag_atlantic:*|write_stalled}] -to [get_registers {*|alt_jtag_atlantic:*|t_ena*}]
        Info (332166): set_false_path -from [get_registers {*|alt_jtag_atlantic:*|write_stalled}] -to [get_registers {*|alt_jtag_atlantic:*|t_pause*}]
        Info (332166): set_false_path -from [get_registers {*|alt_jtag_atlantic:*|write_valid}]
    Info (332165): Entity altera_std_synchronizer
        Info (332166): set_false_path -to [get_keepers {*altera_std_synchronizer:*|din_s1}]
    Info (332165): Entity sld_jtag_hub
        Info (332166): create_clock -name altera_reserved_tck [get_ports {altera_reserved_tck}] -period 10MHz   
        Info (332166): set_clock_groups -asynchronous -group {altera_reserved_tck}
Info (332104): Reading SDC File: 'nios_system/synthesis/submodules/altera_reset_controller.sdc'
Info (332104): Reading SDC File: 'nios_system/synthesis/submodules/nios_system_nios2_qsys_0.sdc'
Warning (332060): Node: clk_in was determined to be a clock but was found without an associated clock assignment.
Info (332129): Detected timing requirements -- optimizing circuit to achieve only the specified requirements
Info (332111): Found 1 clocks
    Info (332111):   Period   Clock Name
    Info (332111): ======== ============
    Info (332111):  100.000 altera_reserved_tck
Info (176353): Automatically promoted node clk_in (placed in PIN 23 (CLK0, LVDSCLK0p, Input))
    Info (176355): Automatically promoted destinations to use location or clock signal Global Clock CLKCTRL_G2
Info (176353): Automatically promoted node altera_internal_jtag~TCKUTAP 
    Info (176355): Automatically promoted destinations to use location or clock signal Global Clock
Info (176353): Automatically promoted node nios_system:u0|altera_reset_controller:rst_controller|r_sync_rst 
    Info (176355): Automatically promoted destinations to use location or clock signal Global Clock
    Info (176356): Following destination nodes may be non-global or may not use global or regional clocks
        Info (176357): Destination node nios_system:u0|altera_reset_controller:rst_controller|WideOr0~0
        Info (176357): Destination node nios_system:u0|nios_system_nios2_qsys_0:nios2_qsys_0|W_rf_wren
        Info (176357): Destination node nios_system:u0|nios_system_nios2_qsys_0:nios2_qsys_0|nios_system_nios2_qsys_0_nios2_oci:the_nios_system_nios2_qsys_0_nios2_oci|nios_system_nios2_qsys_0_nios2_oci_debug:the_nios_system_nios2_qsys_0_nios2_oci_debug|altera_std_synchronizer:the_altera_std_synchronizer|din_s1~0
Info (176353): Automatically promoted node sld_hub:auto_hub|sld_jtag_hub:\jtag_hub_gen:sld_jtag_hub_inst|clr_reg 
    Info (176355): Automatically promoted destinations to use location or clock signal Global Clock
    Info (176356): Following destination nodes may be non-global or may not use global or regional clocks
        Info (176357): Destination node sld_hub:auto_hub|sld_jtag_hub:\jtag_hub_gen:sld_jtag_hub_inst|clr_reg~_wirecell
Info (176353): Automatically promoted node sld_hub:auto_hub|sld_jtag_hub:\jtag_hub_gen:sld_jtag_hub_inst|sld_shadow_jsm:shadow_jsm|state[0] 
    Info (176355): Automatically promoted destinations to use location or clock signal Global Clock
    Info (176356): Following destination nodes may be non-global or may not use global or regional clocks
        Info (176357): Destination node sld_hub:auto_hub|sld_jtag_hub:\jtag_hub_gen:sld_jtag_hub_inst|sld_shadow_jsm:shadow_jsm|state~0
        Info (176357): Destination node sld_hub:auto_hub|sld_jtag_hub:\jtag_hub_gen:sld_jtag_hub_inst|sld_shadow_jsm:shadow_jsm|state~1
        Info (176357): Destination node sld_hub:auto_hub|sld_jtag_hub:\jtag_hub_gen:sld_jtag_hub_inst|sld_shadow_jsm:shadow_jsm|state[0]~_wirecell
Info (176353): Automatically promoted node nios_system:u0|nios_system_nios2_qsys_0:nios2_qsys_0|nios_system_nios2_qsys_0_nios2_oci:the_nios_system_nios2_qsys_0_nios2_oci|nios_system_nios2_qsys_0_nios2_oci_debug:the_nios_system_nios2_qsys_0_nios2_oci_debug|resetrequest 
    Info (176355): Automatically promoted destinations to use location or clock signal Global Clock
Info (176233): Starting register packing
Info (176235): Finished register packing
    Extra Info (176219): No registers were packed into other blocks
Info (171121): Fitter preparation operations ending: elapsed time is 00:00:02
Info (170189): Fitter placement preparation operations beginning
Info (170190): Fitter placement preparation operations ending: elapsed time is 00:00:01
Info (170191): Fitter placement operations beginning
Info (170137): Fitter placement was successful
Info (170192): Fitter placement operations ending: elapsed time is 00:00:00
Info (170193): Fitter routing operations beginning
Info (170195): Router estimated average interconnect usage is 9% of the available device resources
    Info (170196): Router estimated peak interconnect usage is 18% of the available device resources in the region that extends from location X11_Y10 to location X22_Y19
Info (170194): Fitter routing operations ending: elapsed time is 00:00:01
Info (170199): The Fitter performed an Auto Fit compilation.  Optimizations were skipped to reduce compilation time.
    Info (170201): Optimizations that may affect the design's routability were skipped
    Info (170200): Optimizations that may affect the design's timing were skipped
Info (11888): Total time spent on timing analysis during the Fitter is 0.23 seconds.
Info (306004): Started post-fitting delay annotation
Info (306005): Delay annotation completed successfully
Info (306004): Started post-fitting delay annotation
Info (306005): Delay annotation completed successfully
Info (11218): Fitter post-fit operations ending: elapsed time is 00:00:01
Info (176045): Design uses memory blocks. Violating setup or hold times of memory block address registers for either read or write operations could cause memory contents to be corrupted. Make sure that all memory block address registers meet the setup and hold time requirements.
Warning (169174): The Reserve All Unused Pins setting has not been specified, and will default to 'As output driving ground'.
Info (144001): Generated suppressed messages file D:/Mohamed/Education/College/term_7/DrHossam/Hello_Nios/output_files/Hello_Nios.fit.smsg
Info: Quartus II 64-Bit Fitter was successful. 0 errors, 4 warnings
    Info: Peak virtual memory: 4843 megabytes
    Info: Processing ended: Fri Dec 26 03:03:44 2025
    Info: Elapsed time: 00:00:07
    Info: Total CPU time (on all processors): 00:00:06


+----------------------------+
; Fitter Suppressed Messages ;
+----------------------------+
The suppressed messages can be found in D:/Mohamed/Education/College/term_7/DrHossam/Hello_Nios/output_files/Hello_Nios.fit.smsg.


